param,config,kind,sample,phase,cycles,source_log
256f,mve_affine,sign,0,linear,20453683,phase-256/mve_affine/256f.log
256f,mve_affine,sign,0,sbox,2252727,phase-256/mve_affine/256f.log
256f,mve_affine,sign,0,phase1,160336533,phase-256/mve_affine/256f.log
256f,mve_affine,sign,0,phase23,291301919,phase-256/mve_affine/256f.log
256f,mve_affine,sign,0,phase5,35091833,phase-256/mve_affine/256f.log
256f,mve_affine,sign,0,mpc_affine,114331732,phase-256/mve_affine/256f.log
256f,mve_affine,sign,0,mpc_frobenius,10646070,phase-256/mve_affine/256f.log
256f,mve_affine,sign,0,total_phases,509436695,phase-256/mve_affine/256f.log
256f,mve_affine,sign,1,linear,20461032,phase-256/mve_affine/256f.log
256f,mve_affine,sign,1,sbox,2251468,phase-256/mve_affine/256f.log
256f,mve_affine,sign,1,phase1,159327105,phase-256/mve_affine/256f.log
256f,mve_affine,sign,1,phase23,290343374,phase-256/mve_affine/256f.log
256f,mve_affine,sign,1,phase5,34811549,phase-256/mve_affine/256f.log
256f,mve_affine,sign,1,mpc_affine,112467420,phase-256/mve_affine/256f.log
256f,mve_affine,sign,1,mpc_frobenius,10646368,phase-256/mve_affine/256f.log
256f,mve_affine,sign,1,total_phases,507194528,phase-256/mve_affine/256f.log
256f,mve_affine,sign,2,linear,20457029,phase-256/mve_affine/256f.log
256f,mve_affine,sign,2,sbox,2250836,phase-256/mve_affine/256f.log
256f,mve_affine,sign,2,phase1,159443031,phase-256/mve_affine/256f.log
256f,mve_affine,sign,2,phase23,290817124,phase-256/mve_affine/256f.log
256f,mve_affine,sign,2,phase5,35061329,phase-256/mve_affine/256f.log
256f,mve_affine,sign,2,mpc_affine,112957663,phase-256/mve_affine/256f.log
256f,mve_affine,sign,2,mpc_frobenius,10646183,phase-256/mve_affine/256f.log
256f,mve_affine,sign,2,total_phases,508029349,phase-256/mve_affine/256f.log
256f,mve_affine,sign,3,linear,20455891,phase-256/mve_affine/256f.log
256f,mve_affine,sign,3,sbox,2251271,phase-256/mve_affine/256f.log
256f,mve_affine,sign,3,phase1,159754488,phase-256/mve_affine/256f.log
256f,mve_affine,sign,3,phase23,290749360,phase-256/mve_affine/256f.log
256f,mve_affine,sign,3,phase5,35115992,phase-256/mve_affine/256f.log
256f,mve_affine,sign,3,mpc_affine,113135784,phase-256/mve_affine/256f.log
256f,mve_affine,sign,3,mpc_frobenius,10645992,phase-256/mve_affine/256f.log
256f,mve_affine,sign,3,total_phases,508327002,phase-256/mve_affine/256f.log
256f,mve_affine,sign,4,linear,20454598,phase-256/mve_affine/256f.log
256f,mve_affine,sign,4,sbox,2249919,phase-256/mve_affine/256f.log
256f,mve_affine,sign,4,phase1,159330786,phase-256/mve_affine/256f.log
256f,mve_affine,sign,4,phase23,290540930,phase-256/mve_affine/256f.log
256f,mve_affine,sign,4,phase5,34874753,phase-256/mve_affine/256f.log
256f,mve_affine,sign,4,mpc_affine,112484096,phase-256/mve_affine/256f.log
256f,mve_affine,sign,4,mpc_frobenius,10645868,phase-256/mve_affine/256f.log
256f,mve_affine,sign,4,total_phases,507450986,phase-256/mve_affine/256f.log
256f,mve_affine,sign,5,linear,20459236,phase-256/mve_affine/256f.log
256f,mve_affine,sign,5,sbox,2252437,phase-256/mve_affine/256f.log
256f,mve_affine,sign,5,phase1,160294518,phase-256/mve_affine/256f.log
256f,mve_affine,sign,5,phase23,291511922,phase-256/mve_affine/256f.log
256f,mve_affine,sign,5,phase5,35211869,phase-256/mve_affine/256f.log
256f,mve_affine,sign,5,mpc_affine,114444452,phase-256/mve_affine/256f.log
256f,mve_affine,sign,5,mpc_frobenius,10645787,phase-256/mve_affine/256f.log
256f,mve_affine,sign,5,total_phases,509729982,phase-256/mve_affine/256f.log
256f,mve_affine,sign,6,linear,20470375,phase-256/mve_affine/256f.log
256f,mve_affine,sign,6,sbox,2253951,phase-256/mve_affine/256f.log
256f,mve_affine,sign,6,phase1,160580406,phase-256/mve_affine/256f.log
256f,mve_affine,sign,6,phase23,291465322,phase-256/mve_affine/256f.log
256f,mve_affine,sign,6,phase5,35141477,phase-256/mve_affine/256f.log
256f,mve_affine,sign,6,mpc_affine,114717046,phase-256/mve_affine/256f.log
256f,mve_affine,sign,6,mpc_frobenius,10645723,phase-256/mve_affine/256f.log
256f,mve_affine,sign,6,total_phases,509911531,phase-256/mve_affine/256f.log
256f,mve_affine,verify,0,linear,20434081,phase-256/mve_affine/256f.log
256f,mve_affine,verify,0,setup,52702,phase-256/mve_affine/256f.log
256f,mve_affine,verify,0,tree,20359451,phase-256/mve_affine/256f.log
256f,mve_affine,verify,0,tape,70523764,phase-256/mve_affine/256f.log
256f,mve_affine,verify,0,mpc,62018669,phase-256/mve_affine/256f.log
256f,mve_affine,verify,0,mpc_affine,56574655,phase-256/mve_affine/256f.log
256f,mve_affine,verify,0,mpc_frobenius,5407178,phase-256/mve_affine/256f.log
256f,mve_affine,verify,0,mpc_icache_refills,34,phase-256/mve_affine/256f.log
256f,mve_affine,verify,0,mpc_dcache_refills,349552,phase-256/mve_affine/256f.log
256f,mve_affine,verify,0,xz_products,78448147,phase-256/mve_affine/256f.log
256f,mve_affine,verify,0,b_products,39257024,phase-256/mve_affine/256f.log
256f,mve_affine,verify,0,transcript,26702359,phase-256/mve_affine/256f.log
256f,mve_affine,verify,0,finish,37874,phase-256/mve_affine/256f.log
256f,mve_affine,verify,0,total,318015401,phase-256/mve_affine/256f.log
256f,mve_affine,verify,1,linear,20437328,phase-256/mve_affine/256f.log
256f,mve_affine,verify,1,setup,52935,phase-256/mve_affine/256f.log
256f,mve_affine,verify,1,tree,20358661,phase-256/mve_affine/256f.log
256f,mve_affine,verify,1,tape,70513055,phase-256/mve_affine/256f.log
256f,mve_affine,verify,1,mpc,61656744,phase-256/mve_affine/256f.log
256f,mve_affine,verify,1,mpc_affine,56212293,phase-256/mve_affine/256f.log
256f,mve_affine,verify,1,mpc_frobenius,5407503,phase-256/mve_affine/256f.log
256f,mve_affine,verify,1,mpc_icache_refills,47,phase-256/mve_affine/256f.log
256f,mve_affine,verify,1,mpc_dcache_refills,347743,phase-256/mve_affine/256f.log
256f,mve_affine,verify,1,xz_products,78446171,phase-256/mve_affine/256f.log
256f,mve_affine,verify,1,b_products,39230048,phase-256/mve_affine/256f.log
256f,mve_affine,verify,1,transcript,26704015,phase-256/mve_affine/256f.log
256f,mve_affine,verify,1,finish,37941,phase-256/mve_affine/256f.log
256f,mve_affine,verify,1,total,317608961,phase-256/mve_affine/256f.log
256f,mve_affine,verify,2,linear,20434196,phase-256/mve_affine/256f.log
256f,mve_affine,verify,2,setup,52669,phase-256/mve_affine/256f.log
256f,mve_affine,verify,2,tree,20358806,phase-256/mve_affine/256f.log
256f,mve_affine,verify,2,tape,70521603,phase-256/mve_affine/256f.log
256f,mve_affine,verify,2,mpc,62299429,phase-256/mve_affine/256f.log
256f,mve_affine,verify,2,mpc_affine,56855331,phase-256/mve_affine/256f.log
256f,mve_affine,verify,2,mpc_frobenius,5407535,phase-256/mve_affine/256f.log
256f,mve_affine,verify,2,mpc_icache_refills,45,phase-256/mve_affine/256f.log
256f,mve_affine,verify,2,mpc_dcache_refills,346353,phase-256/mve_affine/256f.log
256f,mve_affine,verify,2,xz_products,78447297,phase-256/mve_affine/256f.log
256f,mve_affine,verify,2,b_products,39222805,phase-256/mve_affine/256f.log
256f,mve_affine,verify,2,transcript,26704593,phase-256/mve_affine/256f.log
256f,mve_affine,verify,2,finish,37778,phase-256/mve_affine/256f.log
256f,mve_affine,verify,2,total,318248720,phase-256/mve_affine/256f.log
256f,mve_affine,verify,3,linear,20432867,phase-256/mve_affine/256f.log
256f,mve_affine,verify,3,setup,52798,phase-256/mve_affine/256f.log
256f,mve_affine,verify,3,tree,20359359,phase-256/mve_affine/256f.log
256f,mve_affine,verify,3,tape,70514938,phase-256/mve_affine/256f.log
256f,mve_affine,verify,3,mpc,61380287,phase-256/mve_affine/256f.log
256f,mve_affine,verify,3,mpc_affine,55936570,phase-256/mve_affine/256f.log
256f,mve_affine,verify,3,mpc_frobenius,5407123,phase-256/mve_affine/256f.log
256f,mve_affine,verify,3,mpc_icache_refills,54,phase-256/mve_affine/256f.log
256f,mve_affine,verify,3,mpc_dcache_refills,348692,phase-256/mve_affine/256f.log
256f,mve_affine,verify,3,xz_products,78446150,phase-256/mve_affine/256f.log
256f,mve_affine,verify,3,b_products,39219687,phase-256/mve_affine/256f.log
256f,mve_affine,verify,3,transcript,26702158,phase-256/mve_affine/256f.log
256f,mve_affine,verify,3,finish,37808,phase-256/mve_affine/256f.log
256f,mve_affine,verify,3,total,317316632,phase-256/mve_affine/256f.log
256f,mve_affine,verify,4,linear,20430778,phase-256/mve_affine/256f.log
256f,mve_affine,verify,4,setup,52801,phase-256/mve_affine/256f.log
256f,mve_affine,verify,4,tree,20362830,phase-256/mve_affine/256f.log
256f,mve_affine,verify,4,tape,70508802,phase-256/mve_affine/256f.log
256f,mve_affine,verify,4,mpc,62496551,phase-256/mve_affine/256f.log
256f,mve_affine,verify,4,mpc_affine,57052705,phase-256/mve_affine/256f.log
256f,mve_affine,verify,4,mpc_frobenius,5407051,phase-256/mve_affine/256f.log
256f,mve_affine,verify,4,mpc_icache_refills,48,phase-256/mve_affine/256f.log
256f,mve_affine,verify,4,mpc_dcache_refills,351486,phase-256/mve_affine/256f.log
256f,mve_affine,verify,4,xz_products,78446281,phase-256/mve_affine/256f.log
256f,mve_affine,verify,4,b_products,39241528,phase-256/mve_affine/256f.log
256f,mve_affine,verify,4,transcript,26701855,phase-256/mve_affine/256f.log
256f,mve_affine,verify,4,finish,37778,phase-256/mve_affine/256f.log
256f,mve_affine,verify,4,total,318454165,phase-256/mve_affine/256f.log
256f,mve_affine,verify,5,linear,20436068,phase-256/mve_affine/256f.log
256f,mve_affine,verify,5,setup,52879,phase-256/mve_affine/256f.log
256f,mve_affine,verify,5,tree,20361935,phase-256/mve_affine/256f.log
256f,mve_affine,verify,5,tape,70512584,phase-256/mve_affine/256f.log
256f,mve_affine,verify,5,mpc,61794274,phase-256/mve_affine/256f.log
256f,mve_affine,verify,5,mpc_affine,56350287,phase-256/mve_affine/256f.log
256f,mve_affine,verify,5,mpc_frobenius,5407190,phase-256/mve_affine/256f.log
256f,mve_affine,verify,5,mpc_icache_refills,45,phase-256/mve_affine/256f.log
256f,mve_affine,verify,5,mpc_dcache_refills,348188,phase-256/mve_affine/256f.log
256f,mve_affine,verify,5,xz_products,78446840,phase-256/mve_affine/256f.log
256f,mve_affine,verify,5,b_products,39223828,phase-256/mve_affine/256f.log
256f,mve_affine,verify,5,transcript,26707319,phase-256/mve_affine/256f.log
256f,mve_affine,verify,5,finish,37841,phase-256/mve_affine/256f.log
256f,mve_affine,verify,5,total,317745437,phase-256/mve_affine/256f.log
256f,mve_affine,verify,6,linear,20439458,phase-256/mve_affine/256f.log
256f,mve_affine,verify,6,setup,52943,phase-256/mve_affine/256f.log
256f,mve_affine,verify,6,tree,20360399,phase-256/mve_affine/256f.log
256f,mve_affine,verify,6,tape,70522429,phase-256/mve_affine/256f.log
256f,mve_affine,verify,6,mpc,62086030,phase-256/mve_affine/256f.log
256f,mve_affine,verify,6,mpc_affine,56642160,phase-256/mve_affine/256f.log
256f,mve_affine,verify,6,mpc_frobenius,5407159,phase-256/mve_affine/256f.log
256f,mve_affine,verify,6,mpc_icache_refills,44,phase-256/mve_affine/256f.log
256f,mve_affine,verify,6,mpc_dcache_refills,344924,phase-256/mve_affine/256f.log
256f,mve_affine,verify,6,xz_products,78447578,phase-256/mve_affine/256f.log
256f,mve_affine,verify,6,b_products,39225984,phase-256/mve_affine/256f.log
256f,mve_affine,verify,6,transcript,26703895,phase-256/mve_affine/256f.log
256f,mve_affine,verify,6,finish,37874,phase-256/mve_affine/256f.log
256f,mve_affine,verify,6,total,318047084,phase-256/mve_affine/256f.log
256s,mve_affine,sign,0,linear,20431754,phase-256/mve_affine/256s.log
256s,mve_affine,sign,0,sbox,2249256,phase-256/mve_affine/256s.log
256s,mve_affine,sign,0,phase1,1293068364,phase-256/mve_affine/256s.log
256s,mve_affine,sign,0,phase23,2320620166,phase-256/mve_affine/256s.log
256s,mve_affine,sign,0,phase5,182198583,phase-256/mve_affine/256s.log
256s,mve_affine,sign,0,mpc_affine,876051559,phase-256/mve_affine/256s.log
256s,mve_affine,sign,0,mpc_frobenius,86453658,phase-256/mve_affine/256s.log
256s,mve_affine,sign,0,total_phases,3818568123,phase-256/mve_affine/256s.log
256s,mve_affine,sign,1,linear,20434338,phase-256/mve_affine/256s.log
256s,mve_affine,sign,1,sbox,2253057,phase-256/mve_affine/256s.log
256s,mve_affine,sign,1,phase1,1285149770,phase-256/mve_affine/256s.log
256s,mve_affine,sign,1,phase23,2320257473,phase-256/mve_affine/256s.log
256s,mve_affine,sign,1,phase5,182076408,phase-256/mve_affine/256s.log
256s,mve_affine,sign,1,mpc_affine,867916794,phase-256/mve_affine/256s.log
256s,mve_affine,sign,1,mpc_frobenius,86456521,phase-256/mve_affine/256s.log
256s,mve_affine,sign,1,total_phases,3810171046,phase-256/mve_affine/256s.log
256s,mve_affine,sign,2,linear,20434870,phase-256/mve_affine/256s.log
256s,mve_affine,sign,2,sbox,2252832,phase-256/mve_affine/256s.log
256s,mve_affine,sign,2,phase1,1273396541,phase-256/mve_affine/256s.log
256s,mve_affine,sign,2,phase23,2320321512,phase-256/mve_affine/256s.log
256s,mve_affine,sign,2,phase5,182034071,phase-256/mve_affine/256s.log
256s,mve_affine,sign,2,mpc_affine,856060336,phase-256/mve_affine/256s.log
256s,mve_affine,sign,2,mpc_frobenius,86456545,phase-256/mve_affine/256s.log
256s,mve_affine,sign,2,total_phases,3798439826,phase-256/mve_affine/256s.log
256s,mve_affine,sign,3,linear,20434676,phase-256/mve_affine/256s.log
256s,mve_affine,sign,3,sbox,2251359,phase-256/mve_affine/256s.log
256s,mve_affine,sign,3,phase1,1289140358,phase-256/mve_affine/256s.log
256s,mve_affine,sign,3,phase23,2320232036,phase-256/mve_affine/256s.log
256s,mve_affine,sign,3,phase5,182070327,phase-256/mve_affine/256s.log
256s,mve_affine,sign,3,mpc_affine,871887970,phase-256/mve_affine/256s.log
256s,mve_affine,sign,3,mpc_frobenius,86455339,phase-256/mve_affine/256s.log
256s,mve_affine,sign,3,total_phases,3814128756,phase-256/mve_affine/256s.log
256s,mve_affine,sign,4,linear,20434538,phase-256/mve_affine/256s.log
256s,mve_affine,sign,4,sbox,2254979,phase-256/mve_affine/256s.log
256s,mve_affine,sign,4,phase1,1290351663,phase-256/mve_affine/256s.log
256s,mve_affine,sign,4,phase23,2320585862,phase-256/mve_affine/256s.log
256s,mve_affine,sign,4,phase5,182076564,phase-256/mve_affine/256s.log
256s,mve_affine,sign,4,mpc_affine,873445760,phase-256/mve_affine/256s.log
256s,mve_affine,sign,4,mpc_frobenius,86455075,phase-256/mve_affine/256s.log
256s,mve_affine,sign,4,total_phases,3815703606,phase-256/mve_affine/256s.log
256s,mve_affine,sign,5,linear,20451264,phase-256/mve_affine/256s.log
256s,mve_affine,sign,5,sbox,2253324,phase-256/mve_affine/256s.log
256s,mve_affine,sign,5,phase1,1293977168,phase-256/mve_affine/256s.log
256s,mve_affine,sign,5,phase23,2320340613,phase-256/mve_affine/256s.log
256s,mve_affine,sign,5,phase5,182165260,phase-256/mve_affine/256s.log
256s,mve_affine,sign,5,mpc_affine,877050801,phase-256/mve_affine/256s.log
256s,mve_affine,sign,5,mpc_frobenius,86457636,phase-256/mve_affine/256s.log
256s,mve_affine,sign,5,total_phases,3819187629,phase-256/mve_affine/256s.log
256s,mve_affine,sign,6,linear,20432927,phase-256/mve_affine/256s.log
256s,mve_affine,sign,6,sbox,2252645,phase-256/mve_affine/256s.log
256s,mve_affine,sign,6,phase1,1289609790,phase-256/mve_affine/256s.log
256s,mve_affine,sign,6,phase23,2320741973,phase-256/mve_affine/256s.log
256s,mve_affine,sign,6,phase5,182023665,phase-256/mve_affine/256s.log
256s,mve_affine,sign,6,mpc_affine,872827955,phase-256/mve_affine/256s.log
256s,mve_affine,sign,6,mpc_frobenius,86455301,phase-256/mve_affine/256s.log
256s,mve_affine,sign,6,total_phases,3815061000,phase-256/mve_affine/256s.log
256s,mve_affine,verify,0,linear,20435521,phase-256/mve_affine/256s.log
256s,mve_affine,verify,0,setup,52269,phase-256/mve_affine/256s.log
256s,mve_affine,verify,0,tree,175668956,phase-256/mve_affine/256s.log
256s,mve_affine,verify,0,tape,603184580,phase-256/mve_affine/256s.log
256s,mve_affine,verify,0,mpc,455891200,phase-256/mve_affine/256s.log
256s,mve_affine,verify,0,mpc_affine,411667198,phase-256/mve_affine/256s.log
256s,mve_affine,verify,0,mpc_frobenius,43916097,phase-256/mve_affine/256s.log
256s,mve_affine,verify,0,mpc_icache_refills,8499,phase-256/mve_affine/256s.log
256s,mve_affine,verify,0,mpc_dcache_refills,3362659,phase-256/mve_affine/256s.log
256s,mve_affine,verify,0,xz_products,637882094,phase-256/mve_affine/256s.log
256s,mve_affine,verify,0,b_products,321713799,phase-256/mve_affine/256s.log
256s,mve_affine,verify,0,transcript,206414078,phase-256/mve_affine/256s.log
256s,mve_affine,verify,0,finish,38637,phase-256/mve_affine/256s.log
256s,mve_affine,verify,0,total,2423662920,phase-256/mve_affine/256s.log
256s,mve_affine,verify,1,linear,20438653,phase-256/mve_affine/256s.log
256s,mve_affine,verify,1,setup,51914,phase-256/mve_affine/256s.log
256s,mve_affine,verify,1,tree,175718753,phase-256/mve_affine/256s.log
256s,mve_affine,verify,1,tape,603209275,phase-256/mve_affine/256s.log
256s,mve_affine,verify,1,mpc,455996023,phase-256/mve_affine/256s.log
256s,mve_affine,verify,1,mpc_affine,411773217,phase-256/mve_affine/256s.log
256s,mve_affine,verify,1,mpc_frobenius,43914776,phase-256/mve_affine/256s.log
256s,mve_affine,verify,1,mpc_icache_refills,8494,phase-256/mve_affine/256s.log
256s,mve_affine,verify,1,mpc_dcache_refills,3358993,phase-256/mve_affine/256s.log
256s,mve_affine,verify,1,xz_products,637856688,phase-256/mve_affine/256s.log
256s,mve_affine,verify,1,b_products,321729270,phase-256/mve_affine/256s.log
256s,mve_affine,verify,1,transcript,206400837,phase-256/mve_affine/256s.log
256s,mve_affine,verify,1,finish,38601,phase-256/mve_affine/256s.log
256s,mve_affine,verify,1,total,2423823641,phase-256/mve_affine/256s.log
256s,mve_affine,verify,2,linear,20438374,phase-256/mve_affine/256s.log
256s,mve_affine,verify,2,setup,52089,phase-256/mve_affine/256s.log
256s,mve_affine,verify,2,tree,175696577,phase-256/mve_affine/256s.log
256s,mve_affine,verify,2,tape,603174682,phase-256/mve_affine/256s.log
256s,mve_affine,verify,2,mpc,455938967,phase-256/mve_affine/256s.log
256s,mve_affine,verify,2,mpc_affine,411715513,phase-256/mve_affine/256s.log
256s,mve_affine,verify,2,mpc_frobenius,43914806,phase-256/mve_affine/256s.log
256s,mve_affine,verify,2,mpc_icache_refills,8492,phase-256/mve_affine/256s.log
256s,mve_affine,verify,2,mpc_dcache_refills,3365496,phase-256/mve_affine/256s.log
256s,mve_affine,verify,2,xz_products,637850873,phase-256/mve_affine/256s.log
256s,mve_affine,verify,2,b_products,321719572,phase-256/mve_affine/256s.log
256s,mve_affine,verify,2,transcript,206449955,phase-256/mve_affine/256s.log
256s,mve_affine,verify,2,finish,38583,phase-256/mve_affine/256s.log
256s,mve_affine,verify,2,total,2423753234,phase-256/mve_affine/256s.log
256s,mve_affine,verify,3,linear,20439892,phase-256/mve_affine/256s.log
256s,mve_affine,verify,3,setup,52061,phase-256/mve_affine/256s.log
256s,mve_affine,verify,3,tree,175675694,phase-256/mve_affine/256s.log
256s,mve_affine,verify,3,tape,603206083,phase-256/mve_affine/256s.log
256s,mve_affine,verify,3,mpc,456395918,phase-256/mve_affine/256s.log
256s,mve_affine,verify,3,mpc_affine,412172975,phase-256/mve_affine/256s.log
256s,mve_affine,verify,3,mpc_frobenius,43915125,phase-256/mve_affine/256s.log
256s,mve_affine,verify,3,mpc_icache_refills,8498,phase-256/mve_affine/256s.log
256s,mve_affine,verify,3,mpc_dcache_refills,3361005,phase-256/mve_affine/256s.log
256s,mve_affine,verify,3,xz_products,637876438,phase-256/mve_affine/256s.log
256s,mve_affine,verify,3,b_products,321714795,phase-256/mve_affine/256s.log
256s,mve_affine,verify,3,transcript,206447427,phase-256/mve_affine/256s.log
256s,mve_affine,verify,3,finish,38665,phase-256/mve_affine/256s.log
256s,mve_affine,verify,3,total,2424245549,phase-256/mve_affine/256s.log
256s,mve_affine,verify,4,linear,20439328,phase-256/mve_affine/256s.log
256s,mve_affine,verify,4,setup,51908,phase-256/mve_affine/256s.log
256s,mve_affine,verify,4,tree,175650331,phase-256/mve_affine/256s.log
256s,mve_affine,verify,4,tape,603167704,phase-256/mve_affine/256s.log
256s,mve_affine,verify,4,mpc,455936232,phase-256/mve_affine/256s.log
256s,mve_affine,verify,4,mpc_affine,411711924,phase-256/mve_affine/256s.log
256s,mve_affine,verify,4,mpc_frobenius,43916078,phase-256/mve_affine/256s.log
256s,mve_affine,verify,4,mpc_icache_refills,8494,phase-256/mve_affine/256s.log
256s,mve_affine,verify,4,mpc_dcache_refills,3363641,phase-256/mve_affine/256s.log
256s,mve_affine,verify,4,xz_products,637882008,phase-256/mve_affine/256s.log
256s,mve_affine,verify,4,b_products,321724898,phase-256/mve_affine/256s.log
256s,mve_affine,verify,4,transcript,206424494,phase-256/mve_affine/256s.log
256s,mve_affine,verify,4,finish,38494,phase-256/mve_affine/256s.log
256s,mve_affine,verify,4,total,2423722396,phase-256/mve_affine/256s.log
256s,mve_affine,verify,5,linear,20436496,phase-256/mve_affine/256s.log
256s,mve_affine,verify,5,setup,51935,phase-256/mve_affine/256s.log
256s,mve_affine,verify,5,tree,175687793,phase-256/mve_affine/256s.log
256s,mve_affine,verify,5,tape,603174701,phase-256/mve_affine/256s.log
256s,mve_affine,verify,5,mpc,456293716,phase-256/mve_affine/256s.log
256s,mve_affine,verify,5,mpc_affine,412072124,phase-256/mve_affine/256s.log
256s,mve_affine,verify,5,mpc_frobenius,43914740,phase-256/mve_affine/256s.log
256s,mve_affine,verify,5,mpc_icache_refills,8500,phase-256/mve_affine/256s.log
256s,mve_affine,verify,5,mpc_dcache_refills,3358704,phase-256/mve_affine/256s.log
256s,mve_affine,verify,5,xz_products,637880005,phase-256/mve_affine/256s.log
256s,mve_affine,verify,5,b_products,321731311,phase-256/mve_affine/256s.log
256s,mve_affine,verify,5,transcript,206444233,phase-256/mve_affine/256s.log
256s,mve_affine,verify,5,finish,38457,phase-256/mve_affine/256s.log
256s,mve_affine,verify,5,total,2424148100,phase-256/mve_affine/256s.log
256s,mve_affine,verify,6,linear,20435194,phase-256/mve_affine/256s.log
256s,mve_affine,verify,6,setup,52169,phase-256/mve_affine/256s.log
256s,mve_affine,verify,6,tree,175691888,phase-256/mve_affine/256s.log
256s,mve_affine,verify,6,tape,603207951,phase-256/mve_affine/256s.log
256s,mve_affine,verify,6,mpc,455863405,phase-256/mve_affine/256s.log
256s,mve_affine,verify,6,mpc_affine,411638844,phase-256/mve_affine/256s.log
256s,mve_affine,verify,6,mpc_frobenius,43916576,phase-256/mve_affine/256s.log
256s,mve_affine,verify,6,mpc_icache_refills,8492,phase-256/mve_affine/256s.log
256s,mve_affine,verify,6,mpc_dcache_refills,3362097,phase-256/mve_affine/256s.log
256s,mve_affine,verify,6,xz_products,637874936,phase-256/mve_affine/256s.log
256s,mve_affine,verify,6,b_products,321715551,phase-256/mve_affine/256s.log
256s,mve_affine,verify,6,transcript,206394685,phase-256/mve_affine/256s.log
256s,mve_affine,verify,6,finish,38639,phase-256/mve_affine/256s.log
256s,mve_affine,verify,6,total,2423670560,phase-256/mve_affine/256s.log
256f,mve_compact,sign,0,linear,31817469,phase-256/mve_compact/256f.log
256f,mve_compact,sign,0,sbox,2268213,phase-256/mve_compact/256f.log
256f,mve_compact,sign,0,phase1,239728565,phase-256/mve_compact/256f.log
256f,mve_compact,sign,0,phase23,367568406,phase-256/mve_compact/256f.log
256f,mve_compact,sign,0,phase5,36035693,phase-256/mve_compact/256f.log
256f,mve_compact,sign,0,mpc_affine,269262990,phase-256/mve_compact/256f.log
256f,mve_compact,sign,0,mpc_frobenius,10688519,phase-256/mve_compact/256f.log
256f,mve_compact,sign,0,total_phases,677418346,phase-256/mve_compact/256f.log
256f,mve_compact,sign,1,linear,31825396,phase-256/mve_compact/256f.log
256f,mve_compact,sign,1,sbox,2266123,phase-256/mve_compact/256f.log
256f,mve_compact,sign,1,phase1,237804748,phase-256/mve_compact/256f.log
256f,mve_compact,sign,1,phase23,360302984,phase-256/mve_compact/256f.log
256f,mve_compact,sign,1,phase5,35624015,phase-256/mve_compact/256f.log
256f,mve_compact,sign,1,mpc_affine,260210867,phase-256/mve_compact/256f.log
256f,mve_compact,sign,1,mpc_frobenius,10689120,phase-256/mve_compact/256f.log
256f,mve_compact,sign,1,total_phases,667823266,phase-256/mve_compact/256f.log
256f,mve_compact,sign,2,linear,31821585,phase-256/mve_compact/256f.log
256f,mve_compact,sign,2,sbox,2263287,phase-256/mve_compact/256f.log
256f,mve_compact,sign,2,phase1,230873144,phase-256/mve_compact/256f.log
256f,mve_compact,sign,2,phase23,361610649,phase-256/mve_compact/256f.log
256f,mve_compact,sign,2,phase5,35151986,phase-256/mve_compact/256f.log
256f,mve_compact,sign,2,mpc_affine,254528377,phase-256/mve_compact/256f.log
256f,mve_compact,sign,2,mpc_frobenius,10688254,phase-256/mve_compact/256f.log
256f,mve_compact,sign,2,total_phases,661720651,phase-256/mve_compact/256f.log
256f,mve_compact,sign,3,linear,31816379,phase-256/mve_compact/256f.log
256f,mve_compact,sign,3,sbox,2264766,phase-256/mve_compact/256f.log
256f,mve_compact,sign,3,phase1,242770922,phase-256/mve_compact/256f.log
256f,mve_compact,sign,3,phase23,366755853,phase-256/mve_compact/256f.log
256f,mve_compact,sign,3,phase5,35997155,phase-256/mve_compact/256f.log
256f,mve_compact,sign,3,mpc_affine,271337767,phase-256/mve_compact/256f.log
256f,mve_compact,sign,3,mpc_frobenius,10705002,phase-256/mve_compact/256f.log
256f,mve_compact,sign,3,total_phases,679605075,phase-256/mve_compact/256f.log
256f,mve_compact,sign,4,linear,31823550,phase-256/mve_compact/256f.log
256f,mve_compact,sign,4,sbox,2266655,phase-256/mve_compact/256f.log
256f,mve_compact,sign,4,phase1,246866849,phase-256/mve_compact/256f.log
256f,mve_compact,sign,4,phase23,375899289,phase-256/mve_compact/256f.log
256f,mve_compact,sign,4,phase5,36537890,phase-256/mve_compact/256f.log
256f,mve_compact,sign,4,mpc_affine,284708166,phase-256/mve_compact/256f.log
256f,mve_compact,sign,4,mpc_frobenius,10686495,phase-256/mve_compact/256f.log
256f,mve_compact,sign,4,total_phases,693394233,phase-256/mve_compact/256f.log
256f,mve_compact,sign,5,linear,31814029,phase-256/mve_compact/256f.log
256f,mve_compact,sign,5,sbox,2266344,phase-256/mve_compact/256f.log
256f,mve_compact,sign,5,phase1,243477659,phase-256/mve_compact/256f.log
256f,mve_compact,sign,5,phase23,369246276,phase-256/mve_compact/256f.log
256f,mve_compact,sign,5,phase5,36144644,phase-256/mve_compact/256f.log
256f,mve_compact,sign,5,mpc_affine,274645511,phase-256/mve_compact/256f.log
256f,mve_compact,sign,5,mpc_frobenius,10689217,phase-256/mve_compact/256f.log
256f,mve_compact,sign,5,total_phases,682948952,phase-256/mve_compact/256f.log
256f,mve_compact,sign,6,linear,31822480,phase-256/mve_compact/256f.log
256f,mve_compact,sign,6,sbox,2264144,phase-256/mve_compact/256f.log
256f,mve_compact,sign,6,phase1,235115249,phase-256/mve_compact/256f.log
256f,mve_compact,sign,6,phase23,356535909,phase-256/mve_compact/256f.log
256f,mve_compact,sign,6,phase5,34872713,phase-256/mve_compact/256f.log
256f,mve_compact,sign,6,mpc_affine,253793251,phase-256/mve_compact/256f.log
256f,mve_compact,sign,6,mpc_frobenius,10689372,phase-256/mve_compact/256f.log
256f,mve_compact,sign,6,total_phases,660610495,phase-256/mve_compact/256f.log
256f,mve_compact,verify,0,linear,31756109,phase-256/mve_compact/256f.log
256f,mve_compact,verify,0,setup,53052,phase-256/mve_compact/256f.log
256f,mve_compact,verify,0,tree,20141813,phase-256/mve_compact/256f.log
256f,mve_compact,verify,0,tape,70734946,phase-256/mve_compact/256f.log
256f,mve_compact,verify,0,mpc,135552857,phase-256/mve_compact/256f.log
256f,mve_compact,verify,0,mpc_affine,130080404,phase-256/mve_compact/256f.log
256f,mve_compact,verify,0,mpc_frobenius,5429255,phase-256/mve_compact/256f.log
256f,mve_compact,verify,0,mpc_icache_refills,1805,phase-256/mve_compact/256f.log
256f,mve_compact,verify,0,mpc_dcache_refills,1356130,phase-256/mve_compact/256f.log
256f,mve_compact,verify,0,xz_products,78440833,phase-256/mve_compact/256f.log
256f,mve_compact,verify,0,b_products,39216536,phase-256/mve_compact/256f.log
256f,mve_compact,verify,0,transcript,26838313,phase-256/mve_compact/256f.log
256f,mve_compact,verify,0,finish,37813,phase-256/mve_compact/256f.log
256f,mve_compact,verify,0,total,402961097,phase-256/mve_compact/256f.log
256f,mve_compact,verify,1,linear,31812629,phase-256/mve_compact/256f.log
256f,mve_compact,verify,1,setup,52680,phase-256/mve_compact/256f.log
256f,mve_compact,verify,1,tree,20149001,phase-256/mve_compact/256f.log
256f,mve_compact,verify,1,tape,70722658,phase-256/mve_compact/256f.log
256f,mve_compact,verify,1,mpc,138072698,phase-256/mve_compact/256f.log
256f,mve_compact,verify,1,mpc_affine,132595856,phase-256/mve_compact/256f.log
256f,mve_compact,verify,1,mpc_frobenius,5432287,phase-256/mve_compact/256f.log
256f,mve_compact,verify,1,mpc_icache_refills,1691,phase-256/mve_compact/256f.log
256f,mve_compact,verify,1,mpc_dcache_refills,1375075,phase-256/mve_compact/256f.log
256f,mve_compact,verify,1,xz_products,78440760,phase-256/mve_compact/256f.log
256f,mve_compact,verify,1,b_products,39226979,phase-256/mve_compact/256f.log
256f,mve_compact,verify,1,transcript,26839558,phase-256/mve_compact/256f.log
256f,mve_compact,verify,1,finish,37882,phase-256/mve_compact/256f.log
256f,mve_compact,verify,1,total,405548237,phase-256/mve_compact/256f.log
256f,mve_compact,verify,2,linear,31780691,phase-256/mve_compact/256f.log
256f,mve_compact,verify,2,setup,52801,phase-256/mve_compact/256f.log
256f,mve_compact,verify,2,tree,20142572,phase-256/mve_compact/256f.log
256f,mve_compact,verify,2,tape,70789449,phase-256/mve_compact/256f.log
256f,mve_compact,verify,2,mpc,134437975,phase-256/mve_compact/256f.log
256f,mve_compact,verify,2,mpc_affine,128964499,phase-256/mve_compact/256f.log
256f,mve_compact,verify,2,mpc_frobenius,5430509,phase-256/mve_compact/256f.log
256f,mve_compact,verify,2,mpc_icache_refills,1769,phase-256/mve_compact/256f.log
256f,mve_compact,verify,2,mpc_dcache_refills,1370325,phase-256/mve_compact/256f.log
256f,mve_compact,verify,2,xz_products,78441693,phase-256/mve_compact/256f.log
256f,mve_compact,verify,2,b_products,39219498,phase-256/mve_compact/256f.log
256f,mve_compact,verify,2,transcript,26838661,phase-256/mve_compact/256f.log
256f,mve_compact,verify,2,finish,37963,phase-256/mve_compact/256f.log
256f,mve_compact,verify,2,total,401930345,phase-256/mve_compact/256f.log
256f,mve_compact,verify,3,linear,31787738,phase-256/mve_compact/256f.log
256f,mve_compact,verify,3,setup,52699,phase-256/mve_compact/256f.log
256f,mve_compact,verify,3,tree,20141931,phase-256/mve_compact/256f.log
256f,mve_compact,verify,3,tape,70783477,phase-256/mve_compact/256f.log
256f,mve_compact,verify,3,mpc,135248560,phase-256/mve_compact/256f.log
256f,mve_compact,verify,3,mpc_affine,129775456,phase-256/mve_compact/256f.log
256f,mve_compact,verify,3,mpc_frobenius,5430125,phase-256/mve_compact/256f.log
256f,mve_compact,verify,3,mpc_icache_refills,1742,phase-256/mve_compact/256f.log
256f,mve_compact,verify,3,mpc_dcache_refills,1360796,phase-256/mve_compact/256f.log
256f,mve_compact,verify,3,xz_products,78440984,phase-256/mve_compact/256f.log
256f,mve_compact,verify,3,b_products,39219021,phase-256/mve_compact/256f.log
256f,mve_compact,verify,3,transcript,26838401,phase-256/mve_compact/256f.log
256f,mve_compact,verify,3,finish,38050,phase-256/mve_compact/256f.log
256f,mve_compact,verify,3,total,402738962,phase-256/mve_compact/256f.log
256f,mve_compact,verify,4,linear,31788068,phase-256/mve_compact/256f.log
256f,mve_compact,verify,4,setup,52546,phase-256/mve_compact/256f.log
256f,mve_compact,verify,4,tree,20140710,phase-256/mve_compact/256f.log
256f,mve_compact,verify,4,tape,70729628,phase-256/mve_compact/256f.log
256f,mve_compact,verify,4,mpc,135238788,phase-256/mve_compact/256f.log
256f,mve_compact,verify,4,mpc_affine,129765494,phase-256/mve_compact/256f.log
256f,mve_compact,verify,4,mpc_frobenius,5430320,phase-256/mve_compact/256f.log
256f,mve_compact,verify,4,mpc_icache_refills,1727,phase-256/mve_compact/256f.log
256f,mve_compact,verify,4,mpc_dcache_refills,1348071,phase-256/mve_compact/256f.log
256f,mve_compact,verify,4,xz_products,78442156,phase-256/mve_compact/256f.log
256f,mve_compact,verify,4,b_products,39223735,phase-256/mve_compact/256f.log
256f,mve_compact,verify,4,transcript,26840162,phase-256/mve_compact/256f.log
256f,mve_compact,verify,4,finish,37846,phase-256/mve_compact/256f.log
256f,mve_compact,verify,4,total,402683750,phase-256/mve_compact/256f.log
256f,mve_compact,verify,5,linear,31793480,phase-256/mve_compact/256f.log
256f,mve_compact,verify,5,setup,52689,phase-256/mve_compact/256f.log
256f,mve_compact,verify,5,tree,20141773,phase-256/mve_compact/256f.log
256f,mve_compact,verify,5,tape,70732667,phase-256/mve_compact/256f.log
256f,mve_compact,verify,5,mpc,132769721,phase-256/mve_compact/256f.log
256f,mve_compact,verify,5,mpc_affine,127298149,phase-256/mve_compact/256f.log
256f,mve_compact,verify,5,mpc_frobenius,5428593,phase-256/mve_compact/256f.log
256f,mve_compact,verify,5,mpc_icache_refills,1711,phase-256/mve_compact/256f.log
256f,mve_compact,verify,5,mpc_dcache_refills,1366189,phase-256/mve_compact/256f.log
256f,mve_compact,verify,5,xz_products,78440762,phase-256/mve_compact/256f.log
256f,mve_compact,verify,5,b_products,39222926,phase-256/mve_compact/256f.log
256f,mve_compact,verify,5,transcript,26840790,phase-256/mve_compact/256f.log
256f,mve_compact,verify,5,finish,37825,phase-256/mve_compact/256f.log
256f,mve_compact,verify,5,total,400220915,phase-256/mve_compact/256f.log
256f,mve_compact,verify,6,linear,31793483,phase-256/mve_compact/256f.log
256f,mve_compact,verify,6,setup,52660,phase-256/mve_compact/256f.log
256f,mve_compact,verify,6,tree,20141961,phase-256/mve_compact/256f.log
256f,mve_compact,verify,6,tape,70729686,phase-256/mve_compact/256f.log
256f,mve_compact,verify,6,mpc,137700214,phase-256/mve_compact/256f.log
256f,mve_compact,verify,6,mpc_affine,132225013,phase-256/mve_compact/256f.log
256f,mve_compact,verify,6,mpc_frobenius,5432094,phase-256/mve_compact/256f.log
256f,mve_compact,verify,6,mpc_icache_refills,1814,phase-256/mve_compact/256f.log
256f,mve_compact,verify,6,mpc_dcache_refills,1346731,phase-256/mve_compact/256f.log
256f,mve_compact,verify,6,xz_products,78442354,phase-256/mve_compact/256f.log
256f,mve_compact,verify,6,b_products,39246949,phase-256/mve_compact/256f.log
256f,mve_compact,verify,6,transcript,26838289,phase-256/mve_compact/256f.log
256f,mve_compact,verify,6,finish,37843,phase-256/mve_compact/256f.log
256f,mve_compact,verify,6,total,405180182,phase-256/mve_compact/256f.log
256s,mve_compact,sign,0,linear,31782110,phase-256/mve_compact/256s.log
256s,mve_compact,sign,0,sbox,2262861,phase-256/mve_compact/256s.log
256s,mve_compact,sign,0,phase1,1864601283,phase-256/mve_compact/256s.log
256s,mve_compact,sign,0,phase23,2708956021,phase-256/mve_compact/256s.log
256s,mve_compact,sign,0,phase5,181405061,phase-256/mve_compact/256s.log
256s,mve_compact,sign,0,mpc_affine,1831082075,phase-256/mve_compact/256s.log
256s,mve_compact,sign,0,mpc_frobenius,86836600,phase-256/mve_compact/256s.log
256s,mve_compact,sign,0,total_phases,4789007336,phase-256/mve_compact/256s.log
256s,mve_compact,sign,1,linear,31766065,phase-256/mve_compact/256s.log
256s,mve_compact,sign,1,sbox,2265249,phase-256/mve_compact/256s.log
256s,mve_compact,sign,1,phase1,1858022327,phase-256/mve_compact/256s.log
256s,mve_compact,sign,1,phase23,2708408884,phase-256/mve_compact/256s.log
256s,mve_compact,sign,1,phase5,181401351,phase-256/mve_compact/256s.log
256s,mve_compact,sign,1,mpc_affine,1824399925,phase-256/mve_compact/256s.log
256s,mve_compact,sign,1,mpc_frobenius,86834202,phase-256/mve_compact/256s.log
256s,mve_compact,sign,1,total_phases,4781863876,phase-256/mve_compact/256s.log
256s,mve_compact,sign,2,linear,31764789,phase-256/mve_compact/256s.log
256s,mve_compact,sign,2,sbox,2264802,phase-256/mve_compact/256s.log
256s,mve_compact,sign,2,phase1,1873662818,phase-256/mve_compact/256s.log
256s,mve_compact,sign,2,phase23,2708475799,phase-256/mve_compact/256s.log
256s,mve_compact,sign,2,phase5,181468065,phase-256/mve_compact/256s.log
256s,mve_compact,sign,2,mpc_affine,1839985651,phase-256/mve_compact/256s.log
256s,mve_compact,sign,2,mpc_frobenius,86832027,phase-256/mve_compact/256s.log
256s,mve_compact,sign,2,total_phases,4797636273,phase-256/mve_compact/256s.log
256s,mve_compact,sign,3,linear,31821131,phase-256/mve_compact/256s.log
256s,mve_compact,sign,3,sbox,2264373,phase-256/mve_compact/256s.log
256s,mve_compact,sign,3,phase1,1841692808,phase-256/mve_compact/256s.log
256s,mve_compact,sign,3,phase23,2708110442,phase-256/mve_compact/256s.log
256s,mve_compact,sign,3,phase5,181405529,phase-256/mve_compact/256s.log
256s,mve_compact,sign,3,mpc_affine,1807660152,phase-256/mve_compact/256s.log
256s,mve_compact,sign,3,mpc_frobenius,86836040,phase-256/mve_compact/256s.log
256s,mve_compact,sign,3,total_phases,4765294283,phase-256/mve_compact/256s.log
256s,mve_compact,sign,4,linear,31766034,phase-256/mve_compact/256s.log
256s,mve_compact,sign,4,sbox,2265935,phase-256/mve_compact/256s.log
256s,mve_compact,sign,4,phase1,1765412610,phase-256/mve_compact/256s.log
256s,mve_compact,sign,4,phase23,2706843978,phase-256/mve_compact/256s.log
256s,mve_compact,sign,4,phase5,181698511,phase-256/mve_compact/256s.log
256s,mve_compact,sign,4,mpc_affine,1730047675,phase-256/mve_compact/256s.log
256s,mve_compact,sign,4,mpc_frobenius,86834037,phase-256/mve_compact/256s.log
256s,mve_compact,sign,4,total_phases,4687987068,phase-256/mve_compact/256s.log
256s,mve_compact,sign,5,linear,31784205,phase-256/mve_compact/256s.log
256s,mve_compact,sign,5,sbox,2264535,phase-256/mve_compact/256s.log
256s,mve_compact,sign,5,phase1,1870834437,phase-256/mve_compact/256s.log
256s,mve_compact,sign,5,phase23,2708037258,phase-256/mve_compact/256s.log
256s,mve_compact,sign,5,phase5,181423135,phase-256/mve_compact/256s.log
256s,mve_compact,sign,5,mpc_affine,1836638207,phase-256/mve_compact/256s.log
256s,mve_compact,sign,5,mpc_frobenius,86839889,phase-256/mve_compact/256s.log
256s,mve_compact,sign,5,total_phases,4794343570,phase-256/mve_compact/256s.log
256s,mve_compact,sign,6,linear,31800714,phase-256/mve_compact/256s.log
256s,mve_compact,sign,6,sbox,2262707,phase-256/mve_compact/256s.log
256s,mve_compact,sign,6,phase1,1776975954,phase-256/mve_compact/256s.log
256s,mve_compact,sign,6,phase23,2707578187,phase-256/mve_compact/256s.log
256s,mve_compact,sign,6,phase5,181618174,phase-256/mve_compact/256s.log
256s,mve_compact,sign,6,mpc_affine,1742358585,phase-256/mve_compact/256s.log
256s,mve_compact,sign,6,mpc_frobenius,86831539,phase-256/mve_compact/256s.log
256s,mve_compact,sign,6,total_phases,4700235736,phase-256/mve_compact/256s.log
256s,mve_compact,verify,0,linear,31790338,phase-256/mve_compact/256s.log
256s,mve_compact,verify,0,setup,51933,phase-256/mve_compact/256s.log
256s,mve_compact,verify,0,tree,174008530,phase-256/mve_compact/256s.log
256s,mve_compact,verify,0,tape,605139686,phase-256/mve_compact/256s.log
256s,mve_compact,verify,0,mpc,842182063,phase-256/mve_compact/256s.log
256s,mve_compact,verify,0,mpc_affine,797741555,phase-256/mve_compact/256s.log
256s,mve_compact,verify,0,mpc_frobenius,44143320,phase-256/mve_compact/256s.log
256s,mve_compact,verify,0,mpc_icache_refills,21345,phase-256/mve_compact/256s.log
256s,mve_compact,verify,0,mpc_dcache_refills,13017564,phase-256/mve_compact/256s.log
256s,mve_compact,verify,0,xz_products,637845755,phase-256/mve_compact/256s.log
256s,mve_compact,verify,0,b_products,321700040,phase-256/mve_compact/256s.log
256s,mve_compact,verify,0,transcript,207329709,phase-256/mve_compact/256s.log
256s,mve_compact,verify,0,finish,38545,phase-256/mve_compact/256s.log
256s,mve_compact,verify,0,total,2822560969,phase-256/mve_compact/256s.log
256s,mve_compact,verify,1,linear,31800496,phase-256/mve_compact/256s.log
256s,mve_compact,verify,1,setup,51786,phase-256/mve_compact/256s.log
256s,mve_compact,verify,1,tree,173995578,phase-256/mve_compact/256s.log
256s,mve_compact,verify,1,tape,605143566,phase-256/mve_compact/256s.log
256s,mve_compact,verify,1,mpc,843307258,phase-256/mve_compact/256s.log
256s,mve_compact,verify,1,mpc_affine,798867964,phase-256/mve_compact/256s.log
256s,mve_compact,verify,1,mpc_frobenius,44141670,phase-256/mve_compact/256s.log
256s,mve_compact,verify,1,mpc_icache_refills,21304,phase-256/mve_compact/256s.log
256s,mve_compact,verify,1,mpc_dcache_refills,13004945,phase-256/mve_compact/256s.log
256s,mve_compact,verify,1,xz_products,637863138,phase-256/mve_compact/256s.log
256s,mve_compact,verify,1,b_products,321701397,phase-256/mve_compact/256s.log
256s,mve_compact,verify,1,transcript,207357062,phase-256/mve_compact/256s.log
256s,mve_compact,verify,1,finish,38577,phase-256/mve_compact/256s.log
256s,mve_compact,verify,1,total,2823728836,phase-256/mve_compact/256s.log
256s,mve_compact,verify,2,linear,31778431,phase-256/mve_compact/256s.log
256s,mve_compact,verify,2,setup,52037,phase-256/mve_compact/256s.log
256s,mve_compact,verify,2,tree,173988046,phase-256/mve_compact/256s.log
256s,mve_compact,verify,2,tape,605150981,phase-256/mve_compact/256s.log
256s,mve_compact,verify,2,mpc,843021534,phase-256/mve_compact/256s.log
256s,mve_compact,verify,2,mpc_affine,798580207,phase-256/mve_compact/256s.log
256s,mve_compact,verify,2,mpc_frobenius,44142938,phase-256/mve_compact/256s.log
256s,mve_compact,verify,2,mpc_icache_refills,21395,phase-256/mve_compact/256s.log
256s,mve_compact,verify,2,mpc_dcache_refills,13009214,phase-256/mve_compact/256s.log
256s,mve_compact,verify,2,xz_products,637871317,phase-256/mve_compact/256s.log
256s,mve_compact,verify,2,b_products,321695216,phase-256/mve_compact/256s.log
256s,mve_compact,verify,2,transcript,207342682,phase-256/mve_compact/256s.log
256s,mve_compact,verify,2,finish,38477,phase-256/mve_compact/256s.log
256s,mve_compact,verify,2,total,2823409601,phase-256/mve_compact/256s.log
256s,mve_compact,verify,3,linear,31758076,phase-256/mve_compact/256s.log
256s,mve_compact,verify,3,setup,52098,phase-256/mve_compact/256s.log
256s,mve_compact,verify,3,tree,173993810,phase-256/mve_compact/256s.log
256s,mve_compact,verify,3,tape,605142593,phase-256/mve_compact/256s.log
256s,mve_compact,verify,3,mpc,842357592,phase-256/mve_compact/256s.log
256s,mve_compact,verify,3,mpc_affine,797919382,phase-256/mve_compact/256s.log
256s,mve_compact,verify,3,mpc_frobenius,44141690,phase-256/mve_compact/256s.log
256s,mve_compact,verify,3,mpc_icache_refills,21362,phase-256/mve_compact/256s.log
256s,mve_compact,verify,3,mpc_dcache_refills,13014811,phase-256/mve_compact/256s.log
256s,mve_compact,verify,3,xz_products,637863521,phase-256/mve_compact/256s.log
256s,mve_compact,verify,3,b_products,321713439,phase-256/mve_compact/256s.log
256s,mve_compact,verify,3,transcript,207399492,phase-256/mve_compact/256s.log
256s,mve_compact,verify,3,finish,38685,phase-256/mve_compact/256s.log
256s,mve_compact,verify,3,total,2822785543,phase-256/mve_compact/256s.log
256s,mve_compact,verify,4,linear,31758109,phase-256/mve_compact/256s.log
256s,mve_compact,verify,4,setup,52032,phase-256/mve_compact/256s.log
256s,mve_compact,verify,4,tree,174016220,phase-256/mve_compact/256s.log
256s,mve_compact,verify,4,tape,605159916,phase-256/mve_compact/256s.log
256s,mve_compact,verify,4,mpc,841263265,phase-256/mve_compact/256s.log
256s,mve_compact,verify,4,mpc_affine,796817378,phase-256/mve_compact/256s.log
256s,mve_compact,verify,4,mpc_frobenius,44148353,phase-256/mve_compact/256s.log
256s,mve_compact,verify,4,mpc_icache_refills,21407,phase-256/mve_compact/256s.log
256s,mve_compact,verify,4,mpc_dcache_refills,13017301,phase-256/mve_compact/256s.log
256s,mve_compact,verify,4,xz_products,637851320,phase-256/mve_compact/256s.log
256s,mve_compact,verify,4,b_products,321682580,phase-256/mve_compact/256s.log
256s,mve_compact,verify,4,transcript,207380089,phase-256/mve_compact/256s.log
256s,mve_compact,verify,4,finish,38590,phase-256/mve_compact/256s.log
256s,mve_compact,verify,4,total,2821673515,phase-256/mve_compact/256s.log
256s,mve_compact,verify,5,linear,31758862,phase-256/mve_compact/256s.log
256s,mve_compact,verify,5,setup,52233,phase-256/mve_compact/256s.log
256s,mve_compact,verify,5,tree,174030040,phase-256/mve_compact/256s.log
256s,mve_compact,verify,5,tape,605206526,phase-256/mve_compact/256s.log
256s,mve_compact,verify,5,mpc,843291678,phase-256/mve_compact/256s.log
256s,mve_compact,verify,5,mpc_affine,798852047,phase-256/mve_compact/256s.log
256s,mve_compact,verify,5,mpc_frobenius,44142567,phase-256/mve_compact/256s.log
256s,mve_compact,verify,5,mpc_icache_refills,21291,phase-256/mve_compact/256s.log
256s,mve_compact,verify,5,mpc_dcache_refills,13001086,phase-256/mve_compact/256s.log
256s,mve_compact,verify,5,xz_products,637861286,phase-256/mve_compact/256s.log
256s,mve_compact,verify,5,b_products,321701662,phase-256/mve_compact/256s.log
256s,mve_compact,verify,5,transcript,207367857,phase-256/mve_compact/256s.log
256s,mve_compact,verify,5,finish,38468,phase-256/mve_compact/256s.log
256s,mve_compact,verify,5,total,2823770288,phase-256/mve_compact/256s.log
256s,mve_compact,verify,6,linear,31758052,phase-256/mve_compact/256s.log
256s,mve_compact,verify,6,setup,52062,phase-256/mve_compact/256s.log
256s,mve_compact,verify,6,tree,173972879,phase-256/mve_compact/256s.log
256s,mve_compact,verify,6,tape,605132285,phase-256/mve_compact/256s.log
256s,mve_compact,verify,6,mpc,843098745,phase-256/mve_compact/256s.log
256s,mve_compact,verify,6,mpc_affine,798654432,phase-256/mve_compact/256s.log
256s,mve_compact,verify,6,mpc_frobenius,44147216,phase-256/mve_compact/256s.log
256s,mve_compact,verify,6,mpc_icache_refills,21445,phase-256/mve_compact/256s.log
256s,mve_compact,verify,6,mpc_dcache_refills,13005954,phase-256/mve_compact/256s.log
256s,mve_compact,verify,6,xz_products,637853240,phase-256/mve_compact/256s.log
256s,mve_compact,verify,6,b_products,321704928,phase-256/mve_compact/256s.log
256s,mve_compact,verify,6,transcript,207342976,phase-256/mve_compact/256s.log
256s,mve_compact,verify,6,finish,38627,phase-256/mve_compact/256s.log
256s,mve_compact,verify,6,total,2823426554,phase-256/mve_compact/256s.log
256f,mve_refmat,sign,0,linear,29017182,phase-256/mve_refmat/256f.log
256f,mve_refmat,sign,0,sbox,2304911,phase-256/mve_refmat/256f.log
256f,mve_refmat,sign,0,phase1,302600913,phase-256/mve_refmat/256f.log
256f,mve_refmat,sign,0,phase23,443996999,phase-256/mve_refmat/256f.log
256f,mve_refmat,sign,0,phase5,40874612,phase-256/mve_refmat/256f.log
256f,mve_refmat,sign,0,mpc_affine,408599150,phase-256/mve_refmat/256f.log
256f,mve_refmat,sign,0,mpc_frobenius,10645795,phase-256/mve_refmat/256f.log
256f,mve_refmat,sign,0,total_phases,818794617,phase-256/mve_refmat/256f.log
256f,mve_refmat,sign,1,linear,29037444,phase-256/mve_refmat/256f.log
256f,mve_refmat,sign,1,sbox,2305365,phase-256/mve_refmat/256f.log
256f,mve_refmat,sign,1,phase1,300805554,phase-256/mve_refmat/256f.log
256f,mve_refmat,sign,1,phase23,437491088,phase-256/mve_refmat/256f.log
256f,mve_refmat,sign,1,phase5,40468190,phase-256/mve_refmat/256f.log
256f,mve_refmat,sign,1,mpc_affine,400259396,phase-256/mve_refmat/256f.log
256f,mve_refmat,sign,1,mpc_frobenius,10655041,phase-256/mve_refmat/256f.log
256f,mve_refmat,sign,1,total_phases,810107641,phase-256/mve_refmat/256f.log
256f,mve_refmat,sign,2,linear,29017465,phase-256/mve_refmat/256f.log
256f,mve_refmat,sign,2,sbox,2303327,phase-256/mve_refmat/256f.log
256f,mve_refmat,sign,2,phase1,305992443,phase-256/mve_refmat/256f.log
256f,mve_refmat,sign,2,phase23,445660448,phase-256/mve_refmat/256f.log
256f,mve_refmat,sign,2,phase5,41238560,phase-256/mve_refmat/256f.log
256f,mve_refmat,sign,2,mpc_affine,413761143,phase-256/mve_refmat/256f.log
256f,mve_refmat,sign,2,mpc_frobenius,10646690,phase-256/mve_refmat/256f.log
256f,mve_refmat,sign,2,total_phases,824212243,phase-256/mve_refmat/256f.log
256f,mve_refmat,sign,3,linear,29014500,phase-256/mve_refmat/256f.log
256f,mve_refmat,sign,3,sbox,2301899,phase-256/mve_refmat/256f.log
256f,mve_refmat,sign,3,phase1,298127103,phase-256/mve_refmat/256f.log
256f,mve_refmat,sign,3,phase23,439315317,phase-256/mve_refmat/256f.log
256f,mve_refmat,sign,3,phase5,40730798,phase-256/mve_refmat/256f.log
256f,mve_refmat,sign,3,mpc_affine,399508422,phase-256/mve_refmat/256f.log
256f,mve_refmat,sign,3,mpc_frobenius,10646656,phase-256/mve_refmat/256f.log
256f,mve_refmat,sign,3,total_phases,809489617,phase-256/mve_refmat/256f.log
256f,mve_refmat,sign,4,linear,29041620,phase-256/mve_refmat/256f.log
256f,mve_refmat,sign,4,sbox,2302722,phase-256/mve_refmat/256f.log
256f,mve_refmat,sign,4,phase1,302652492,phase-256/mve_refmat/256f.log
256f,mve_refmat,sign,4,phase23,446717354,phase-256/mve_refmat/256f.log
256f,mve_refmat,sign,4,phase5,41074373,phase-256/mve_refmat/256f.log
256f,mve_refmat,sign,4,mpc_affine,411467934,phase-256/mve_refmat/256f.log
256f,mve_refmat,sign,4,mpc_frobenius,10646307,phase-256/mve_refmat/256f.log
256f,mve_refmat,sign,4,total_phases,821788561,phase-256/mve_refmat/256f.log
256f,mve_refmat,sign,5,linear,29018777,phase-256/mve_refmat/256f.log
256f,mve_refmat,sign,5,sbox,2303462,phase-256/mve_refmat/256f.log
256f,mve_refmat,sign,5,phase1,298412940,phase-256/mve_refmat/256f.log
256f,mve_refmat,sign,5,phase23,436203116,phase-256/mve_refmat/256f.log
256f,mve_refmat,sign,5,phase5,40566758,phase-256/mve_refmat/256f.log
256f,mve_refmat,sign,5,mpc_affine,396533741,phase-256/mve_refmat/256f.log
256f,mve_refmat,sign,5,mpc_frobenius,10663841,phase-256/mve_refmat/256f.log
256f,mve_refmat,sign,5,total_phases,806505053,phase-256/mve_refmat/256f.log
256f,mve_refmat,sign,6,linear,29013539,phase-256/mve_refmat/256f.log
256f,mve_refmat,sign,6,sbox,2304224,phase-256/mve_refmat/256f.log
256f,mve_refmat,sign,6,phase1,300949182,phase-256/mve_refmat/256f.log
256f,mve_refmat,sign,6,phase23,439737123,phase-256/mve_refmat/256f.log
256f,mve_refmat,sign,6,phase5,40603798,phase-256/mve_refmat/256f.log
256f,mve_refmat,sign,6,mpc_affine,402720048,phase-256/mve_refmat/256f.log
256f,mve_refmat,sign,6,mpc_frobenius,10646139,phase-256/mve_refmat/256f.log
256f,mve_refmat,sign,6,total_phases,812607866,phase-256/mve_refmat/256f.log
256f,mve_refmat,verify,0,linear,28944067,phase-256/mve_refmat/256f.log
256f,mve_refmat,verify,0,setup,52766,phase-256/mve_refmat/256f.log
256f,mve_refmat,verify,0,tree,20168108,phase-256/mve_refmat/256f.log
256f,mve_refmat,verify,0,tape,70710846,phase-256/mve_refmat/256f.log
256f,mve_refmat,verify,0,mpc,208819141,phase-256/mve_refmat/256f.log
256f,mve_refmat,verify,0,mpc_affine,203375555,phase-256/mve_refmat/256f.log
256f,mve_refmat,verify,0,mpc_frobenius,5407373,phase-256/mve_refmat/256f.log
256f,mve_refmat,verify,0,mpc_icache_refills,62,phase-256/mve_refmat/256f.log
256f,mve_refmat,verify,0,mpc_dcache_refills,1348403,phase-256/mve_refmat/256f.log
256f,mve_refmat,verify,0,xz_products,78441198,phase-256/mve_refmat/256f.log
256f,mve_refmat,verify,0,b_products,39228631,phase-256/mve_refmat/256f.log
256f,mve_refmat,verify,0,transcript,26829072,phase-256/mve_refmat/256f.log
256f,mve_refmat,verify,0,finish,37851,phase-256/mve_refmat/256f.log
256f,mve_refmat,verify,0,total,473405953,phase-256/mve_refmat/256f.log
256f,mve_refmat,verify,1,linear,28945557,phase-256/mve_refmat/256f.log
256f,mve_refmat,verify,1,setup,52718,phase-256/mve_refmat/256f.log
256f,mve_refmat,verify,1,tree,20167593,phase-256/mve_refmat/256f.log
256f,mve_refmat,verify,1,tape,70700771,phase-256/mve_refmat/256f.log
256f,mve_refmat,verify,1,mpc,210808593,phase-256/mve_refmat/256f.log
256f,mve_refmat,verify,1,mpc_affine,205365117,phase-256/mve_refmat/256f.log
256f,mve_refmat,verify,1,mpc_frobenius,5407159,phase-256/mve_refmat/256f.log
256f,mve_refmat,verify,1,mpc_icache_refills,58,phase-256/mve_refmat/256f.log
256f,mve_refmat,verify,1,mpc_dcache_refills,1363036,phase-256/mve_refmat/256f.log
256f,mve_refmat,verify,1,xz_products,78441236,phase-256/mve_refmat/256f.log
256f,mve_refmat,verify,1,b_products,39225905,phase-256/mve_refmat/256f.log
256f,mve_refmat,verify,1,transcript,26828708,phase-256/mve_refmat/256f.log
256f,mve_refmat,verify,1,finish,37781,phase-256/mve_refmat/256f.log
256f,mve_refmat,verify,1,total,475380481,phase-256/mve_refmat/256f.log
256f,mve_refmat,verify,2,linear,28962016,phase-256/mve_refmat/256f.log
256f,mve_refmat,verify,2,setup,52760,phase-256/mve_refmat/256f.log
256f,mve_refmat,verify,2,tree,20165763,phase-256/mve_refmat/256f.log
256f,mve_refmat,verify,2,tape,70698200,phase-256/mve_refmat/256f.log
256f,mve_refmat,verify,2,mpc,206131673,phase-256/mve_refmat/256f.log
256f,mve_refmat,verify,2,mpc_affine,200688205,phase-256/mve_refmat/256f.log
256f,mve_refmat,verify,2,mpc_frobenius,5407210,phase-256/mve_refmat/256f.log
256f,mve_refmat,verify,2,mpc_icache_refills,64,phase-256/mve_refmat/256f.log
256f,mve_refmat,verify,2,mpc_dcache_refills,1367328,phase-256/mve_refmat/256f.log
256f,mve_refmat,verify,2,xz_products,78441275,phase-256/mve_refmat/256f.log
256f,mve_refmat,verify,2,b_products,39220762,phase-256/mve_refmat/256f.log
256f,mve_refmat,verify,2,transcript,26829314,phase-256/mve_refmat/256f.log
256f,mve_refmat,verify,2,finish,37877,phase-256/mve_refmat/256f.log
256f,mve_refmat,verify,2,total,470711635,phase-256/mve_refmat/256f.log
256f,mve_refmat,verify,3,linear,28930801,phase-256/mve_refmat/256f.log
256f,mve_refmat,verify,3,setup,53455,phase-256/mve_refmat/256f.log
256f,mve_refmat,verify,3,tree,20165652,phase-256/mve_refmat/256f.log
256f,mve_refmat,verify,3,tape,70703504,phase-256/mve_refmat/256f.log
256f,mve_refmat,verify,3,mpc,200350452,phase-256/mve_refmat/256f.log
256f,mve_refmat,verify,3,mpc_affine,194906961,phase-256/mve_refmat/256f.log
256f,mve_refmat,verify,3,mpc_frobenius,5407298,phase-256/mve_refmat/256f.log
256f,mve_refmat,verify,3,mpc_icache_refills,63,phase-256/mve_refmat/256f.log
256f,mve_refmat,verify,3,mpc_dcache_refills,1344218,phase-256/mve_refmat/256f.log
256f,mve_refmat,verify,3,xz_products,78441008,phase-256/mve_refmat/256f.log
256f,mve_refmat,verify,3,b_products,39224811,phase-256/mve_refmat/256f.log
256f,mve_refmat,verify,3,transcript,26829150,phase-256/mve_refmat/256f.log
256f,mve_refmat,verify,3,finish,37748,phase-256/mve_refmat/256f.log
256f,mve_refmat,verify,3,total,464911294,phase-256/mve_refmat/256f.log
256f,mve_refmat,verify,4,linear,28931585,phase-256/mve_refmat/256f.log
256f,mve_refmat,verify,4,setup,53588,phase-256/mve_refmat/256f.log
256f,mve_refmat,verify,4,tree,20164674,phase-256/mve_refmat/256f.log
256f,mve_refmat,verify,4,tape,70695984,phase-256/mve_refmat/256f.log
256f,mve_refmat,verify,4,mpc,209828403,phase-256/mve_refmat/256f.log
256f,mve_refmat,verify,4,mpc_affine,204385208,phase-256/mve_refmat/256f.log
256f,mve_refmat,verify,4,mpc_frobenius,5407147,phase-256/mve_refmat/256f.log
256f,mve_refmat,verify,4,mpc_icache_refills,64,phase-256/mve_refmat/256f.log
256f,mve_refmat,verify,4,mpc_dcache_refills,1363273,phase-256/mve_refmat/256f.log
256f,mve_refmat,verify,4,xz_products,78440977,phase-256/mve_refmat/256f.log
256f,mve_refmat,verify,4,b_products,39230119,phase-256/mve_refmat/256f.log
256f,mve_refmat,verify,4,transcript,26828928,phase-256/mve_refmat/256f.log
256f,mve_refmat,verify,4,finish,37781,phase-256/mve_refmat/256f.log
256f,mve_refmat,verify,4,total,474382459,phase-256/mve_refmat/256f.log
256f,mve_refmat,verify,5,linear,28949943,phase-256/mve_refmat/256f.log
256f,mve_refmat,verify,5,setup,52811,phase-256/mve_refmat/256f.log
256f,mve_refmat,verify,5,tree,20167751,phase-256/mve_refmat/256f.log
256f,mve_refmat,verify,5,tape,70699494,phase-256/mve_refmat/256f.log
256f,mve_refmat,verify,5,mpc,203121767,phase-256/mve_refmat/256f.log
256f,mve_refmat,verify,5,mpc_affine,197677843,phase-256/mve_refmat/256f.log
256f,mve_refmat,verify,5,mpc_frobenius,5407595,phase-256/mve_refmat/256f.log
256f,mve_refmat,verify,5,mpc_icache_refills,65,phase-256/mve_refmat/256f.log
256f,mve_refmat,verify,5,mpc_dcache_refills,1348278,phase-256/mve_refmat/256f.log
256f,mve_refmat,verify,5,xz_products,78439807,phase-256/mve_refmat/256f.log
256f,mve_refmat,verify,5,b_products,39219918,phase-256/mve_refmat/256f.log
256f,mve_refmat,verify,5,transcript,26829149,phase-256/mve_refmat/256f.log
256f,mve_refmat,verify,5,finish,37913,phase-256/mve_refmat/256f.log
256f,mve_refmat,verify,5,total,467689660,phase-256/mve_refmat/256f.log
256f,mve_refmat,verify,6,linear,28975888,phase-256/mve_refmat/256f.log
256f,mve_refmat,verify,6,setup,52856,phase-256/mve_refmat/256f.log
256f,mve_refmat,verify,6,tree,20165326,phase-256/mve_refmat/256f.log
256f,mve_refmat,verify,6,tape,70701106,phase-256/mve_refmat/256f.log
256f,mve_refmat,verify,6,mpc,202298105,phase-256/mve_refmat/256f.log
256f,mve_refmat,verify,6,mpc_affine,196854654,phase-256/mve_refmat/256f.log
256f,mve_refmat,verify,6,mpc_frobenius,5407253,phase-256/mve_refmat/256f.log
256f,mve_refmat,verify,6,mpc_icache_refills,43,phase-256/mve_refmat/256f.log
256f,mve_refmat,verify,6,mpc_dcache_refills,1342489,phase-256/mve_refmat/256f.log
256f,mve_refmat,verify,6,xz_products,78441022,phase-256/mve_refmat/256f.log
256f,mve_refmat,verify,6,b_products,39225995,phase-256/mve_refmat/256f.log
256f,mve_refmat,verify,6,transcript,26829005,phase-256/mve_refmat/256f.log
256f,mve_refmat,verify,6,finish,37853,phase-256/mve_refmat/256f.log
256f,mve_refmat,verify,6,total,466896193,phase-256/mve_refmat/256f.log
256s,mve_refmat,sign,0,linear,28991500,phase-256/mve_refmat/256s.log
256s,mve_refmat,sign,0,sbox,2303027,phase-256/mve_refmat/256s.log
256s,mve_refmat,sign,0,phase1,2602531488,phase-256/mve_refmat/256s.log
256s,mve_refmat,sign,0,phase23,3782113717,phase-256/mve_refmat/256s.log
256s,mve_refmat,sign,0,phase5,186115311,phase-256/mve_refmat/256s.log
256s,mve_refmat,sign,0,mpc_affine,3642828344,phase-256/mve_refmat/256s.log
256s,mve_refmat,sign,0,mpc_frobenius,86321627,phase-256/mve_refmat/256s.log
256s,mve_refmat,sign,0,total_phases,6602055043,phase-256/mve_refmat/256s.log
256s,mve_refmat,sign,1,linear,28975519,phase-256/mve_refmat/256s.log
256s,mve_refmat,sign,1,sbox,2301633,phase-256/mve_refmat/256s.log
256s,mve_refmat,sign,1,phase1,2524890600,phase-256/mve_refmat/256s.log
256s,mve_refmat,sign,1,phase23,3781038239,phase-256/mve_refmat/256s.log
256s,mve_refmat,sign,1,phase5,186150105,phase-256/mve_refmat/256s.log
256s,mve_refmat,sign,1,mpc_affine,3564174198,phase-256/mve_refmat/256s.log
256s,mve_refmat,sign,1,mpc_frobenius,86319612,phase-256/mve_refmat/256s.log
256s,mve_refmat,sign,1,total_phases,6523356096,phase-256/mve_refmat/256s.log
256s,mve_refmat,sign,2,linear,28972278,phase-256/mve_refmat/256s.log
256s,mve_refmat,sign,2,sbox,2305679,phase-256/mve_refmat/256s.log
256s,mve_refmat,sign,2,phase1,2442184503,phase-256/mve_refmat/256s.log
256s,mve_refmat,sign,2,phase23,3780855140,phase-256/mve_refmat/256s.log
256s,mve_refmat,sign,2,phase5,186104824,phase-256/mve_refmat/256s.log
256s,mve_refmat,sign,2,mpc_affine,3481043594,phase-256/mve_refmat/256s.log
256s,mve_refmat,sign,2,mpc_frobenius,86320997,phase-256/mve_refmat/256s.log
256s,mve_refmat,sign,2,total_phases,6440422424,phase-256/mve_refmat/256s.log
256s,mve_refmat,sign,3,linear,28992356,phase-256/mve_refmat/256s.log
256s,mve_refmat,sign,3,sbox,2301401,phase-256/mve_refmat/256s.log
256s,mve_refmat,sign,3,phase1,2513290341,phase-256/mve_refmat/256s.log
256s,mve_refmat,sign,3,phase23,3778456739,phase-256/mve_refmat/256s.log
256s,mve_refmat,sign,3,phase5,186035010,phase-256/mve_refmat/256s.log
256s,mve_refmat,sign,3,mpc_affine,3549922524,phase-256/mve_refmat/256s.log
256s,mve_refmat,sign,3,mpc_frobenius,86322201,phase-256/mve_refmat/256s.log
256s,mve_refmat,sign,3,total_phases,6509075847,phase-256/mve_refmat/256s.log
256s,mve_refmat,sign,4,linear,28974689,phase-256/mve_refmat/256s.log
256s,mve_refmat,sign,4,sbox,2301529,phase-256/mve_refmat/256s.log
256s,mve_refmat,sign,4,phase1,2415419276,phase-256/mve_refmat/256s.log
256s,mve_refmat,sign,4,phase23,3781090367,phase-256/mve_refmat/256s.log
256s,mve_refmat,sign,4,phase5,186167733,phase-256/mve_refmat/256s.log
256s,mve_refmat,sign,4,mpc_affine,3454849354,phase-256/mve_refmat/256s.log
256s,mve_refmat,sign,4,mpc_frobenius,86318175,phase-256/mve_refmat/256s.log
256s,mve_refmat,sign,4,total_phases,6413953594,phase-256/mve_refmat/256s.log
256s,mve_refmat,sign,5,linear,29035531,phase-256/mve_refmat/256s.log
256s,mve_refmat,sign,5,sbox,2298839,phase-256/mve_refmat/256s.log
256s,mve_refmat,sign,5,phase1,2498737932,phase-256/mve_refmat/256s.log
256s,mve_refmat,sign,5,phase23,3776755821,phase-256/mve_refmat/256s.log
256s,mve_refmat,sign,5,phase5,186099543,phase-256/mve_refmat/256s.log
256s,mve_refmat,sign,5,mpc_affine,3533899263,phase-256/mve_refmat/256s.log
256s,mve_refmat,sign,5,mpc_frobenius,86317656,phase-256/mve_refmat/256s.log
256s,mve_refmat,sign,5,total_phases,6492927666,phase-256/mve_refmat/256s.log
256s,mve_refmat,sign,6,linear,28973010,phase-256/mve_refmat/256s.log
256s,mve_refmat,sign,6,sbox,2303775,phase-256/mve_refmat/256s.log
256s,mve_refmat,sign,6,phase1,2449233704,phase-256/mve_refmat/256s.log
256s,mve_refmat,sign,6,phase23,3778087254,phase-256/mve_refmat/256s.log
256s,mve_refmat,sign,6,phase5,186111809,phase-256/mve_refmat/256s.log
256s,mve_refmat,sign,6,mpc_affine,3485077860,phase-256/mve_refmat/256s.log
256s,mve_refmat,sign,6,mpc_frobenius,86319147,phase-256/mve_refmat/256s.log
256s,mve_refmat,sign,6,total_phases,6444709552,phase-256/mve_refmat/256s.log
256s,mve_refmat,verify,0,linear,28958497,phase-256/mve_refmat/256s.log
256s,mve_refmat,verify,0,setup,52370,phase-256/mve_refmat/256s.log
256s,mve_refmat,verify,0,tree,174035054,phase-256/mve_refmat/256s.log
256s,mve_refmat,verify,0,tape,604804957,phase-256/mve_refmat/256s.log
256s,mve_refmat,verify,0,mpc,1910880826,phase-256/mve_refmat/256s.log
256s,mve_refmat,verify,0,mpc_affine,1866720480,phase-256/mve_refmat/256s.log
256s,mve_refmat,verify,0,mpc_frobenius,43855516,phase-256/mve_refmat/256s.log
256s,mve_refmat,verify,0,mpc_icache_refills,13,phase-256/mve_refmat/256s.log
256s,mve_refmat,verify,0,mpc_dcache_refills,12988246,phase-256/mve_refmat/256s.log
256s,mve_refmat,verify,0,xz_products,637881839,phase-256/mve_refmat/256s.log
256s,mve_refmat,verify,0,b_products,321721622,phase-256/mve_refmat/256s.log
256s,mve_refmat,verify,0,transcript,207409202,phase-256/mve_refmat/256s.log
256s,mve_refmat,verify,0,finish,38659,phase-256/mve_refmat/256s.log
256s,mve_refmat,verify,0,total,3888122269,phase-256/mve_refmat/256s.log
256s,mve_refmat,verify,1,linear,28923304,phase-256/mve_refmat/256s.log
256s,mve_refmat,verify,1,setup,51941,phase-256/mve_refmat/256s.log
256s,mve_refmat,verify,1,tree,174063661,phase-256/mve_refmat/256s.log
256s,mve_refmat,verify,1,tape,604816077,phase-256/mve_refmat/256s.log
256s,mve_refmat,verify,1,mpc,1910346244,phase-256/mve_refmat/256s.log
256s,mve_refmat,verify,1,mpc_affine,1866185121,phase-256/mve_refmat/256s.log
256s,mve_refmat,verify,1,mpc_frobenius,43856468,phase-256/mve_refmat/256s.log
256s,mve_refmat,verify,1,mpc_icache_refills,12,phase-256/mve_refmat/256s.log
256s,mve_refmat,verify,1,mpc_dcache_refills,12977247,phase-256/mve_refmat/256s.log
256s,mve_refmat,verify,1,xz_products,637871060,phase-256/mve_refmat/256s.log
256s,mve_refmat,verify,1,b_products,321722729,phase-256/mve_refmat/256s.log
256s,mve_refmat,verify,1,transcript,207417972,phase-256/mve_refmat/256s.log
256s,mve_refmat,verify,1,finish,38756,phase-256/mve_refmat/256s.log
256s,mve_refmat,verify,1,total,3887586506,phase-256/mve_refmat/256s.log
256s,mve_refmat,verify,2,linear,28942996,phase-256/mve_refmat/256s.log
256s,mve_refmat,verify,2,setup,52328,phase-256/mve_refmat/256s.log
256s,mve_refmat,verify,2,tree,174037048,phase-256/mve_refmat/256s.log
256s,mve_refmat,verify,2,tape,604779841,phase-256/mve_refmat/256s.log
256s,mve_refmat,verify,2,mpc,1912488893,phase-256/mve_refmat/256s.log
256s,mve_refmat,verify,2,mpc_affine,1868328102,phase-256/mve_refmat/256s.log
256s,mve_refmat,verify,2,mpc_frobenius,43856954,phase-256/mve_refmat/256s.log
256s,mve_refmat,verify,2,mpc_icache_refills,9,phase-256/mve_refmat/256s.log
256s,mve_refmat,verify,2,mpc_dcache_refills,12975570,phase-256/mve_refmat/256s.log
256s,mve_refmat,verify,2,xz_products,637860021,phase-256/mve_refmat/256s.log
256s,mve_refmat,verify,2,b_products,321713395,phase-256/mve_refmat/256s.log
256s,mve_refmat,verify,2,transcript,207398422,phase-256/mve_refmat/256s.log
256s,mve_refmat,verify,2,finish,38653,phase-256/mve_refmat/256s.log
256s,mve_refmat,verify,2,total,3889642526,phase-256/mve_refmat/256s.log
256s,mve_refmat,verify,3,linear,28926526,phase-256/mve_refmat/256s.log
256s,mve_refmat,verify,3,setup,52016,phase-256/mve_refmat/256s.log
256s,mve_refmat,verify,3,tree,174060260,phase-256/mve_refmat/256s.log
256s,mve_refmat,verify,3,tape,604811930,phase-256/mve_refmat/256s.log
256s,mve_refmat,verify,3,mpc,1912465088,phase-256/mve_refmat/256s.log
256s,mve_refmat,verify,3,mpc_affine,1868303968,phase-256/mve_refmat/256s.log
256s,mve_refmat,verify,3,mpc_frobenius,43856809,phase-256/mve_refmat/256s.log
256s,mve_refmat,verify,3,mpc_icache_refills,17,phase-256/mve_refmat/256s.log
256s,mve_refmat,verify,3,mpc_dcache_refills,12985508,phase-256/mve_refmat/256s.log
256s,mve_refmat,verify,3,xz_products,637880228,phase-256/mve_refmat/256s.log
256s,mve_refmat,verify,3,b_products,321703115,phase-256/mve_refmat/256s.log
256s,mve_refmat,verify,3,transcript,207372619,phase-256/mve_refmat/256s.log
256s,mve_refmat,verify,3,finish,38456,phase-256/mve_refmat/256s.log
256s,mve_refmat,verify,3,total,3889647729,phase-256/mve_refmat/256s.log
256s,mve_refmat,verify,4,linear,28958233,phase-256/mve_refmat/256s.log
256s,mve_refmat,verify,4,setup,52182,phase-256/mve_refmat/256s.log
256s,mve_refmat,verify,4,tree,174073492,phase-256/mve_refmat/256s.log
256s,mve_refmat,verify,4,tape,604844493,phase-256/mve_refmat/256s.log
256s,mve_refmat,verify,4,mpc,1911017822,phase-256/mve_refmat/256s.log
256s,mve_refmat,verify,4,mpc_affine,1866857674,phase-256/mve_refmat/256s.log
256s,mve_refmat,verify,4,mpc_frobenius,43855542,phase-256/mve_refmat/256s.log
256s,mve_refmat,verify,4,mpc_icache_refills,13,phase-256/mve_refmat/256s.log
256s,mve_refmat,verify,4,mpc_dcache_refills,12975116,phase-256/mve_refmat/256s.log
256s,mve_refmat,verify,4,xz_products,637856480,phase-256/mve_refmat/256s.log
256s,mve_refmat,verify,4,b_products,321695063,phase-256/mve_refmat/256s.log
256s,mve_refmat,verify,4,transcript,207438784,phase-256/mve_refmat/256s.log
256s,mve_refmat,verify,4,finish,38519,phase-256/mve_refmat/256s.log
256s,mve_refmat,verify,4,total,3888304129,phase-256/mve_refmat/256s.log
256s,mve_refmat,verify,5,linear,28937719,phase-256/mve_refmat/256s.log
256s,mve_refmat,verify,5,setup,52136,phase-256/mve_refmat/256s.log
256s,mve_refmat,verify,5,tree,174026933,phase-256/mve_refmat/256s.log
256s,mve_refmat,verify,5,tape,604823150,phase-256/mve_refmat/256s.log
256s,mve_refmat,verify,5,mpc,1910895690,phase-256/mve_refmat/256s.log
256s,mve_refmat,verify,5,mpc_affine,1866734601,phase-256/mve_refmat/256s.log
256s,mve_refmat,verify,5,mpc_frobenius,43856594,phase-256/mve_refmat/256s.log
256s,mve_refmat,verify,5,mpc_icache_refills,13,phase-256/mve_refmat/256s.log
256s,mve_refmat,verify,5,mpc_dcache_refills,12988203,phase-256/mve_refmat/256s.log
256s,mve_refmat,verify,5,xz_products,637868631,phase-256/mve_refmat/256s.log
256s,mve_refmat,verify,5,b_products,321723923,phase-256/mve_refmat/256s.log
256s,mve_refmat,verify,5,transcript,207407168,phase-256/mve_refmat/256s.log
256s,mve_refmat,verify,5,finish,38753,phase-256/mve_refmat/256s.log
256s,mve_refmat,verify,5,total,3888106121,phase-256/mve_refmat/256s.log
256s,mve_refmat,verify,6,linear,28963099,phase-256/mve_refmat/256s.log
256s,mve_refmat,verify,6,setup,51891,phase-256/mve_refmat/256s.log
256s,mve_refmat,verify,6,tree,174019480,phase-256/mve_refmat/256s.log
256s,mve_refmat,verify,6,tape,604795222,phase-256/mve_refmat/256s.log
256s,mve_refmat,verify,6,mpc,1913078032,phase-256/mve_refmat/256s.log
256s,mve_refmat,verify,6,mpc_affine,1868916805,phase-256/mve_refmat/256s.log
256s,mve_refmat,verify,6,mpc_frobenius,43856639,phase-256/mve_refmat/256s.log
256s,mve_refmat,verify,6,mpc_icache_refills,5,phase-256/mve_refmat/256s.log
256s,mve_refmat,verify,6,mpc_dcache_refills,12990696,phase-256/mve_refmat/256s.log
256s,mve_refmat,verify,6,xz_products,637890871,phase-256/mve_refmat/256s.log
256s,mve_refmat,verify,6,b_products,321715707,phase-256/mve_refmat/256s.log
256s,mve_refmat,verify,6,transcript,207378885,phase-256/mve_refmat/256s.log
256s,mve_refmat,verify,6,finish,38749,phase-256/mve_refmat/256s.log
256s,mve_refmat,verify,6,total,3890277473,phase-256/mve_refmat/256s.log
256f,ref,sign,0,linear,28894657,phase-256/ref/256f.log
256f,ref,sign,0,sbox,11454844,phase-256/ref/256f.log
256f,ref,sign,0,phase1,314824226,phase-256/ref/256f.log
256f,ref,sign,0,phase23,515443132,phase-256/ref/256f.log
256f,ref,sign,0,phase5,43521987,phase-256/ref/256f.log
256f,ref,sign,0,mpc_affine,389510145,phase-256/ref/256f.log
256f,ref,sign,0,mpc_frobenius,48307104,phase-256/ref/256f.log
256f,ref,sign,0,total_phases,914138846,phase-256/ref/256f.log
256f,ref,sign,1,linear,28888808,phase-256/ref/256f.log
256f,ref,sign,1,sbox,11461265,phase-256/ref/256f.log
256f,ref,sign,1,phase1,324229755,phase-256/ref/256f.log
256f,ref,sign,1,phase23,516285163,phase-256/ref/256f.log
256f,ref,sign,1,phase5,43986783,phase-256/ref/256f.log
256f,ref,sign,1,mpc_affine,399903197,phase-256/ref/256f.log
256f,ref,sign,1,mpc_frobenius,48307224,phase-256/ref/256f.log
256f,ref,sign,1,total_phases,924851774,phase-256/ref/256f.log
256f,ref,sign,2,linear,28882044,phase-256/ref/256f.log
256f,ref,sign,2,sbox,11461266,phase-256/ref/256f.log
256f,ref,sign,2,phase1,320444555,phase-256/ref/256f.log
256f,ref,sign,2,phase23,527327464,phase-256/ref/256f.log
256f,ref,sign,2,phase5,44467804,phase-256/ref/256f.log
256f,ref,sign,2,mpc_affine,407222335,phase-256/ref/256f.log
256f,ref,sign,2,mpc_frobenius,48306888,phase-256/ref/256f.log
256f,ref,sign,2,total_phases,932583133,phase-256/ref/256f.log
256f,ref,sign,3,linear,28891070,phase-256/ref/256f.log
256f,ref,sign,3,sbox,11458894,phase-256/ref/256f.log
256f,ref,sign,3,phase1,318888971,phase-256/ref/256f.log
256f,ref,sign,3,phase23,518076746,phase-256/ref/256f.log
256f,ref,sign,3,phase5,43713840,phase-256/ref/256f.log
256f,ref,sign,3,mpc_affine,396300252,phase-256/ref/256f.log
256f,ref,sign,3,mpc_frobenius,48307084,phase-256/ref/256f.log
256f,ref,sign,3,total_phases,921029521,phase-256/ref/256f.log
256f,ref,sign,4,linear,28885219,phase-256/ref/256f.log
256f,ref,sign,4,sbox,11458148,phase-256/ref/256f.log
256f,ref,sign,4,phase1,325964013,phase-256/ref/256f.log
256f,ref,sign,4,phase23,521104852,phase-256/ref/256f.log
256f,ref,sign,4,phase5,43886394,phase-256/ref/256f.log
256f,ref,sign,4,mpc_affine,406406608,phase-256/ref/256f.log
256f,ref,sign,4,mpc_frobenius,48306760,phase-256/ref/256f.log
256f,ref,sign,4,total_phases,931298626,phase-256/ref/256f.log
256f,ref,sign,5,linear,28899099,phase-256/ref/256f.log
256f,ref,sign,5,sbox,11460644,phase-256/ref/256f.log
256f,ref,sign,5,phase1,315384165,phase-256/ref/256f.log
256f,ref,sign,5,phase23,517487524,phase-256/ref/256f.log
256f,ref,sign,5,phase5,43814100,phase-256/ref/256f.log
256f,ref,sign,5,mpc_affine,392124766,phase-256/ref/256f.log
256f,ref,sign,5,mpc_frobenius,48307327,phase-256/ref/256f.log
256f,ref,sign,5,total_phases,917045532,phase-256/ref/256f.log
256f,ref,sign,6,linear,28872857,phase-256/ref/256f.log
256f,ref,sign,6,sbox,11452290,phase-256/ref/256f.log
256f,ref,sign,6,phase1,327018605,phase-256/ref/256f.log
256f,ref,sign,6,phase23,517526729,phase-256/ref/256f.log
256f,ref,sign,6,phase5,44069766,phase-256/ref/256f.log
256f,ref,sign,6,mpc_affine,403886534,phase-256/ref/256f.log
256f,ref,sign,6,mpc_frobenius,48307288,phase-256/ref/256f.log
256f,ref,sign,6,total_phases,928940247,phase-256/ref/256f.log
256f,ref,verify,0,linear,28834148,phase-256/ref/256f.log
256f,ref,verify,0,setup,52947,phase-256/ref/256f.log
256f,ref,verify,0,tree,20240389,phase-256/ref/256f.log
256f,ref,verify,0,tape,70935033,phase-256/ref/256f.log
256f,ref,verify,0,mpc,226926860,phase-256/ref/256f.log
256f,ref,verify,0,mpc_affine,203003094,phase-256/ref/256f.log
256f,ref,verify,0,mpc_frobenius,23887256,phase-256/ref/256f.log
256f,ref,verify,0,mpc_icache_refills,60,phase-256/ref/256f.log
256f,ref,verify,0,mpc_dcache_refills,1344652,phase-256/ref/256f.log
256f,ref,verify,0,xz_products,119117916,phase-256/ref/256f.log
256f,ref,verify,0,b_products,59504787,phase-256/ref/256f.log
256f,ref,verify,0,transcript,26849183,phase-256/ref/256f.log
256f,ref,verify,0,finish,38103,phase-256/ref/256f.log
256f,ref,verify,0,total,552669841,phase-256/ref/256f.log
256f,ref,verify,1,linear,28805506,phase-256/ref/256f.log
256f,ref,verify,1,setup,52646,phase-256/ref/256f.log
256f,ref,verify,1,tree,20242334,phase-256/ref/256f.log
256f,ref,verify,1,tape,70911919,phase-256/ref/256f.log
256f,ref,verify,1,mpc,223053228,phase-256/ref/256f.log
256f,ref,verify,1,mpc_affine,199129489,phase-256/ref/256f.log
256f,ref,verify,1,mpc_frobenius,23887212,phase-256/ref/256f.log
256f,ref,verify,1,mpc_icache_refills,54,phase-256/ref/256f.log
256f,ref,verify,1,mpc_dcache_refills,1331216,phase-256/ref/256f.log
256f,ref,verify,1,xz_products,119116471,phase-256/ref/256f.log
256f,ref,verify,1,b_products,59508697,phase-256/ref/256f.log
256f,ref,verify,1,transcript,26848197,phase-256/ref/256f.log
256f,ref,verify,1,finish,38227,phase-256/ref/256f.log
256f,ref,verify,1,total,548749636,phase-256/ref/256f.log
256f,ref,verify,2,linear,28835342,phase-256/ref/256f.log
256f,ref,verify,2,setup,53019,phase-256/ref/256f.log
256f,ref,verify,2,tree,20239828,phase-256/ref/256f.log
256f,ref,verify,2,tape,70926525,phase-256/ref/256f.log
256f,ref,verify,2,mpc,224093221,phase-256/ref/256f.log
256f,ref,verify,2,mpc_affine,200169445,phase-256/ref/256f.log
256f,ref,verify,2,mpc_frobenius,23887141,phase-256/ref/256f.log
256f,ref,verify,2,mpc_icache_refills,65,phase-256/ref/256f.log
256f,ref,verify,2,mpc_dcache_refills,1341747,phase-256/ref/256f.log
256f,ref,verify,2,xz_products,119120518,phase-256/ref/256f.log
256f,ref,verify,2,b_products,59515626,phase-256/ref/256f.log
256f,ref,verify,2,transcript,26849749,phase-256/ref/256f.log
256f,ref,verify,2,finish,38287,phase-256/ref/256f.log
256f,ref,verify,2,total,549849805,phase-256/ref/256f.log
256f,ref,verify,3,linear,28816367,phase-256/ref/256f.log
256f,ref,verify,3,setup,52762,phase-256/ref/256f.log
256f,ref,verify,3,tree,20238665,phase-256/ref/256f.log
256f,ref,verify,3,tape,70921548,phase-256/ref/256f.log
256f,ref,verify,3,mpc,225998031,phase-256/ref/256f.log
256f,ref,verify,3,mpc_affine,202074438,phase-256/ref/256f.log
256f,ref,verify,3,mpc_frobenius,23887044,phase-256/ref/256f.log
256f,ref,verify,3,mpc_icache_refills,62,phase-256/ref/256f.log
256f,ref,verify,3,mpc_dcache_refills,1360468,phase-256/ref/256f.log
256f,ref,verify,3,xz_products,119118808,phase-256/ref/256f.log
256f,ref,verify,3,b_products,59521313,phase-256/ref/256f.log
256f,ref,verify,3,transcript,26847931,phase-256/ref/256f.log
256f,ref,verify,3,finish,38290,phase-256/ref/256f.log
256f,ref,verify,3,total,551731366,phase-256/ref/256f.log
256f,ref,verify,4,linear,28836269,phase-256/ref/256f.log
256f,ref,verify,4,setup,52806,phase-256/ref/256f.log
256f,ref,verify,4,tree,20240270,phase-256/ref/256f.log
256f,ref,verify,4,tape,70927757,phase-256/ref/256f.log
256f,ref,verify,4,mpc,227302379,phase-256/ref/256f.log
256f,ref,verify,4,mpc_affine,203378278,phase-256/ref/256f.log
256f,ref,verify,4,mpc_frobenius,23887347,phase-256/ref/256f.log
256f,ref,verify,4,mpc_icache_refills,64,phase-256/ref/256f.log
256f,ref,verify,4,mpc_dcache_refills,1343575,phase-256/ref/256f.log
256f,ref,verify,4,xz_products,119117883,phase-256/ref/256f.log
256f,ref,verify,4,b_products,59515463,phase-256/ref/256f.log
256f,ref,verify,4,transcript,26847106,phase-256/ref/256f.log
256f,ref,verify,4,finish,38467,phase-256/ref/256f.log
256f,ref,verify,4,total,553050334,phase-256/ref/256f.log
256f,ref,verify,5,linear,28819190,phase-256/ref/256f.log
256f,ref,verify,5,setup,52753,phase-256/ref/256f.log
256f,ref,verify,5,tree,20238582,phase-256/ref/256f.log
256f,ref,verify,5,tape,70925110,phase-256/ref/256f.log
256f,ref,verify,5,mpc,212446281,phase-256/ref/256f.log
256f,ref,verify,5,mpc_affine,188522338,phase-256/ref/256f.log
256f,ref,verify,5,mpc_frobenius,23887351,phase-256/ref/256f.log
256f,ref,verify,5,mpc_icache_refills,58,phase-256/ref/256f.log
256f,ref,verify,5,mpc_dcache_refills,1343050,phase-256/ref/256f.log
256f,ref,verify,5,xz_products,119115894,phase-256/ref/256f.log
256f,ref,verify,5,b_products,59505441,phase-256/ref/256f.log
256f,ref,verify,5,transcript,26847758,phase-256/ref/256f.log
256f,ref,verify,5,finish,38515,phase-256/ref/256f.log
256f,ref,verify,5,total,538158289,phase-256/ref/256f.log
256f,ref,verify,6,linear,28806497,phase-256/ref/256f.log
256f,ref,verify,6,setup,52788,phase-256/ref/256f.log
256f,ref,verify,6,tree,20240313,phase-256/ref/256f.log
256f,ref,verify,6,tape,70931511,phase-256/ref/256f.log
256f,ref,verify,6,mpc,213063768,phase-256/ref/256f.log
256f,ref,verify,6,mpc_affine,189140207,phase-256/ref/256f.log
256f,ref,verify,6,mpc_frobenius,23887083,phase-256/ref/256f.log
256f,ref,verify,6,mpc_icache_refills,53,phase-256/ref/256f.log
256f,ref,verify,6,mpc_dcache_refills,1345294,phase-256/ref/256f.log
256f,ref,verify,6,xz_products,119115602,phase-256/ref/256f.log
256f,ref,verify,6,b_products,59505370,phase-256/ref/256f.log
256f,ref,verify,6,transcript,26848279,phase-256/ref/256f.log
256f,ref,verify,6,finish,38298,phase-256/ref/256f.log
256f,ref,verify,6,total,538773164,phase-256/ref/256f.log
256s,ref,sign,0,linear,28893839,phase-256/ref/256s.log
256s,ref,sign,0,sbox,11460690,phase-256/ref/256s.log
256s,ref,sign,0,phase1,2582146136,phase-256/ref/256s.log
256s,ref,sign,0,phase23,4442308079,phase-256/ref/256s.log
256s,ref,sign,0,phase5,187227485,phase-256/ref/256s.log
256s,ref,sign,0,mpc_affine,3474108212,phase-256/ref/256s.log
256s,ref,sign,0,mpc_frobenius,392376545,phase-256/ref/256s.log
256s,ref,sign,0,total_phases,7252036229,phase-256/ref/256s.log
256s,ref,sign,1,linear,28872936,phase-256/ref/256s.log
256s,ref,sign,1,sbox,11462962,phase-256/ref/256s.log
256s,ref,sign,1,phase1,2741175864,phase-256/ref/256s.log
256s,ref,sign,1,phase23,4443706424,phase-256/ref/256s.log
256s,ref,sign,1,phase5,187278257,phase-256/ref/256s.log
256s,ref,sign,1,mpc_affine,3634654407,phase-256/ref/256s.log
256s,ref,sign,1,mpc_frobenius,392376258,phase-256/ref/256s.log
256s,ref,sign,1,total_phases,7412496443,phase-256/ref/256s.log
256s,ref,sign,2,linear,28934040,phase-256/ref/256s.log
256s,ref,sign,2,sbox,11453671,phase-256/ref/256s.log
256s,ref,sign,2,phase1,2798446214,phase-256/ref/256s.log
256s,ref,sign,2,phase23,4444433690,phase-256/ref/256s.log
256s,ref,sign,2,phase5,187236255,phase-256/ref/256s.log
256s,ref,sign,2,mpc_affine,3693093968,phase-256/ref/256s.log
256s,ref,sign,2,mpc_frobenius,392376156,phase-256/ref/256s.log
256s,ref,sign,2,total_phases,7470503870,phase-256/ref/256s.log
256s,ref,sign,3,linear,28916634,phase-256/ref/256s.log
256s,ref,sign,3,sbox,11461368,phase-256/ref/256s.log
256s,ref,sign,3,phase1,2659308840,phase-256/ref/256s.log
256s,ref,sign,3,phase23,4440669989,phase-256/ref/256s.log
256s,ref,sign,3,phase5,187224382,phase-256/ref/256s.log
256s,ref,sign,3,mpc_affine,3550039025,phase-256/ref/256s.log
256s,ref,sign,3,mpc_frobenius,392376227,phase-256/ref/256s.log
256s,ref,sign,3,total_phases,7327581213,phase-256/ref/256s.log
256s,ref,sign,4,linear,28897509,phase-256/ref/256s.log
256s,ref,sign,4,sbox,11462659,phase-256/ref/256s.log
256s,ref,sign,4,phase1,2726372636,phase-256/ref/256s.log
256s,ref,sign,4,phase23,4441404081,phase-256/ref/256s.log
256s,ref,sign,4,phase5,187254176,phase-256/ref/256s.log
256s,ref,sign,4,mpc_affine,3617865862,phase-256/ref/256s.log
256s,ref,sign,4,mpc_frobenius,392375553,phase-256/ref/256s.log
256s,ref,sign,4,total_phases,7395391061,phase-256/ref/256s.log
256s,ref,sign,5,linear,28874167,phase-256/ref/256s.log
256s,ref,sign,5,sbox,11458763,phase-256/ref/256s.log
256s,ref,sign,5,phase1,2794469967,phase-256/ref/256s.log
256s,ref,sign,5,phase23,4444431221,phase-256/ref/256s.log
256s,ref,sign,5,phase5,187242560,phase-256/ref/256s.log
256s,ref,sign,5,mpc_affine,3688682657,phase-256/ref/256s.log
256s,ref,sign,5,mpc_frobenius,392377065,phase-256/ref/256s.log
256s,ref,sign,5,total_phases,7466476678,phase-256/ref/256s.log
256s,ref,sign,6,linear,28891357,phase-256/ref/256s.log
256s,ref,sign,6,sbox,11463738,phase-256/ref/256s.log
256s,ref,sign,6,phase1,2592021858,phase-256/ref/256s.log
256s,ref,sign,6,phase23,4442616523,phase-256/ref/256s.log
256s,ref,sign,6,phase5,187224426,phase-256/ref/256s.log
256s,ref,sign,6,mpc_affine,3484384376,phase-256/ref/256s.log
256s,ref,sign,6,mpc_frobenius,392377446,phase-256/ref/256s.log
256s,ref,sign,6,total_phases,7262217902,phase-256/ref/256s.log
256s,ref,verify,0,linear,28839353,phase-256/ref/256s.log
256s,ref,verify,0,setup,52248,phase-256/ref/256s.log
256s,ref,verify,0,tree,174023800,phase-256/ref/256s.log
256s,ref,verify,0,tape,606793690,phase-256/ref/256s.log
256s,ref,verify,0,mpc,2064335117,phase-256/ref/256s.log
256s,ref,verify,0,mpc_affine,1869924379,phase-256/ref/256s.log
256s,ref,verify,0,mpc_frobenius,194033665,phase-256/ref/256s.log
256s,ref,verify,0,mpc_icache_refills,25947,phase-256/ref/256s.log
256s,ref,verify,0,mpc_dcache_refills,12975436,phase-256/ref/256s.log
256s,ref,verify,0,xz_products,968401193,phase-256/ref/256s.log
256s,ref,verify,0,b_products,486437665,phase-256/ref/256s.log
256s,ref,verify,0,transcript,207409018,phase-256/ref/256s.log
256s,ref,verify,0,finish,39309,phase-256/ref/256s.log
256s,ref,verify,0,total,4538717676,phase-256/ref/256s.log
256s,ref,verify,1,linear,28819789,phase-256/ref/256s.log
256s,ref,verify,1,setup,52395,phase-256/ref/256s.log
256s,ref,verify,1,tree,174012906,phase-256/ref/256s.log
256s,ref,verify,1,tape,606816532,phase-256/ref/256s.log
256s,ref,verify,1,mpc,2069041109,phase-256/ref/256s.log
256s,ref,verify,1,mpc_affine,1874633987,phase-256/ref/256s.log
256s,ref,verify,1,mpc_frobenius,194031144,phase-256/ref/256s.log
256s,ref,verify,1,mpc_icache_refills,25935,phase-256/ref/256s.log
256s,ref,verify,1,mpc_dcache_refills,12990445,phase-256/ref/256s.log
256s,ref,verify,1,xz_products,968409193,phase-256/ref/256s.log
256s,ref,verify,1,b_products,486431945,phase-256/ref/256s.log
256s,ref,verify,1,transcript,207425901,phase-256/ref/256s.log
256s,ref,verify,1,finish,39303,phase-256/ref/256s.log
256s,ref,verify,1,total,4543446482,phase-256/ref/256s.log
256s,ref,verify,2,linear,28868777,phase-256/ref/256s.log
256s,ref,verify,2,setup,52273,phase-256/ref/256s.log
256s,ref,verify,2,tree,174027264,phase-256/ref/256s.log
256s,ref,verify,2,tape,606804077,phase-256/ref/256s.log
256s,ref,verify,2,mpc,2070404435,phase-256/ref/256s.log
256s,ref,verify,2,mpc_affine,1875996769,phase-256/ref/256s.log
256s,ref,verify,2,mpc_frobenius,194033351,phase-256/ref/256s.log
256s,ref,verify,2,mpc_icache_refills,25949,phase-256/ref/256s.log
256s,ref,verify,2,mpc_dcache_refills,12984800,phase-256/ref/256s.log
256s,ref,verify,2,xz_products,968415296,phase-256/ref/256s.log
256s,ref,verify,2,b_products,486430255,phase-256/ref/256s.log
256s,ref,verify,2,transcript,207440073,phase-256/ref/256s.log
256s,ref,verify,2,finish,39231,phase-256/ref/256s.log
256s,ref,verify,2,total,4544866074,phase-256/ref/256s.log
256s,ref,verify,3,linear,28808324,phase-256/ref/256s.log
256s,ref,verify,3,setup,52174,phase-256/ref/256s.log
256s,ref,verify,3,tree,174022603,phase-256/ref/256s.log
256s,ref,verify,3,tape,606769137,phase-256/ref/256s.log
256s,ref,verify,3,mpc,2069412683,phase-256/ref/256s.log
256s,ref,verify,3,mpc_affine,1875006915,phase-256/ref/256s.log
256s,ref,verify,3,mpc_frobenius,194030894,phase-256/ref/256s.log
256s,ref,verify,3,mpc_icache_refills,17420,phase-256/ref/256s.log
256s,ref,verify,3,mpc_dcache_refills,12972009,phase-256/ref/256s.log
256s,ref,verify,3,xz_products,968392472,phase-256/ref/256s.log
256s,ref,verify,3,b_products,486414574,phase-256/ref/256s.log
256s,ref,verify,3,transcript,207430638,phase-256/ref/256s.log
256s,ref,verify,3,finish,39087,phase-256/ref/256s.log
256s,ref,verify,3,total,4543727919,phase-256/ref/256s.log
256s,ref,verify,4,linear,28818634,phase-256/ref/256s.log
256s,ref,verify,4,setup,52481,phase-256/ref/256s.log
256s,ref,verify,4,tree,174012760,phase-256/ref/256s.log
256s,ref,verify,4,tape,606771747,phase-256/ref/256s.log
256s,ref,verify,4,mpc,2070504322,phase-256/ref/256s.log
256s,ref,verify,4,mpc_affine,1876096032,phase-256/ref/256s.log
256s,ref,verify,4,mpc_frobenius,194032333,phase-256/ref/256s.log
256s,ref,verify,4,mpc_icache_refills,25960,phase-256/ref/256s.log
256s,ref,verify,4,mpc_dcache_refills,12990870,phase-256/ref/256s.log
256s,ref,verify,4,xz_products,968411299,phase-256/ref/256s.log
256s,ref,verify,4,b_products,486440162,phase-256/ref/256s.log
256s,ref,verify,4,transcript,207456496,phase-256/ref/256s.log
256s,ref,verify,4,finish,39181,phase-256/ref/256s.log
256s,ref,verify,4,total,4544896856,phase-256/ref/256s.log
256s,ref,verify,5,linear,28818503,phase-256/ref/256s.log
256s,ref,verify,5,setup,52212,phase-256/ref/256s.log
256s,ref,verify,5,tree,174003078,phase-256/ref/256s.log
256s,ref,verify,5,tape,606728466,phase-256/ref/256s.log
256s,ref,verify,5,mpc,2069043374,phase-256/ref/256s.log
256s,ref,verify,5,mpc_affine,1874634840,phase-256/ref/256s.log
256s,ref,verify,5,mpc_frobenius,194032895,phase-256/ref/256s.log
256s,ref,verify,5,mpc_icache_refills,25957,phase-256/ref/256s.log
256s,ref,verify,5,mpc_dcache_refills,12979376,phase-256/ref/256s.log
256s,ref,verify,5,xz_products,968407139,phase-256/ref/256s.log
256s,ref,verify,5,b_products,486431317,phase-256/ref/256s.log
256s,ref,verify,5,transcript,207446994,phase-256/ref/256s.log
256s,ref,verify,5,finish,39236,phase-256/ref/256s.log
256s,ref,verify,5,total,4543398108,phase-256/ref/256s.log
256s,ref,verify,6,linear,28820546,phase-256/ref/256s.log
256s,ref,verify,6,setup,52417,phase-256/ref/256s.log
256s,ref,verify,6,tree,174013317,phase-256/ref/256s.log
256s,ref,verify,6,tape,606851886,phase-256/ref/256s.log
256s,ref,verify,6,mpc,2068642211,phase-256/ref/256s.log
256s,ref,verify,6,mpc_affine,1874234869,phase-256/ref/256s.log
256s,ref,verify,6,mpc_frobenius,194031813,phase-256/ref/256s.log
256s,ref,verify,6,mpc_icache_refills,25650,phase-256/ref/256s.log
256s,ref,verify,6,mpc_dcache_refills,12990441,phase-256/ref/256s.log
256s,ref,verify,6,xz_products,968390277,phase-256/ref/256s.log
256s,ref,verify,6,b_products,486410294,phase-256/ref/256s.log
256s,ref,verify,6,transcript,207454010,phase-256/ref/256s.log
256s,ref,verify,6,finish,39274,phase-256/ref/256s.log
256s,ref,verify,6,total,4543059170,phase-256/ref/256s.log
