param,operation,config,config_label,n,items,min,median,mean,sd,cv_percent,max,median_cycles_per_item,mean_cycles_per_item
128f,aim3_mpc_batch4,mve_compact,C/MVE-COMPACT,31,4,70375.875,70375.875,70380.3629032258,24.581258326743946,0.03492630232745971,70515.0,17593.96875,17595.09072580645
128f,aim3_mpc_batch4_affine,mve_compact,C/MVE-COMPACT,31,4,65108.125,65108.125,65110.51612903226,13.096753088732399,0.02011465100780035,65182.25,16277.03125,16277.629032258064
128f,aim3_mpc_batch4_frobenius,mve_compact,C/MVE-COMPACT,31,4,5201.0,5201.0,5202.0,5.477225575051661,0.10529076461075858,5232.0,1300.25,1300.5
128f,aim3_mpc_scalar,mve_compact,C/MVE-COMPACT,31,1,21427.875,21427.875,21429.354838709678,8.105410427596611,0.03782386585411855,21473.75,21427.875,21429.354838709678
128f,gf_frobenius_batch4_e11,mve_compact,C/MVE-COMPACT,31,4,2340.5,2340.5,2340.8225806451615,1.7668469596940843,0.07547974691901332,2350.5,585.125,585.2056451612904
128f,gf_frobenius_batch4_e3,mve_compact,C/MVE-COMPACT,31,4,844.5,844.5,846.9193548387096,13.251352197705632,1.5646533665804896,919.5,211.125,211.7298387096774
128f,gf_frobenius_batch4_e7,mve_compact,C/MVE-COMPACT,31,4,1592.5,1592.5,1592.8064516129032,1.67850461170938,0.10538032477264876,1602.0,398.125,398.2016129032258
128f,gf_inv,mve_compact,C/MVE-COMPACT,31,1,125756.75,125756.75,125757.17741935483,2.318355531951175,0.0018435174671742954,125769.875,125756.75,125757.17741935483
128f,gf_mat_vec_mul,mve_compact,C/MVE-COMPACT,31,1,3997.09375,3997.09375,3997.202116935484,0.5935501505222315,0.014849140302599604,4000.453125,3997.09375,3997.202116935484
128f,gf_mat_vec_mul_add,mve_compact,C/MVE-COMPACT,31,1,4027.109375,4027.109375,4027.157762096774,0.26502704395411264,0.006580994825892394,4028.609375,4027.109375,4027.157762096774
128f,gf_mul,mve_compact,C/MVE-COMPACT,31,1,746.09375,746.09375,746.469254032258,2.056720289018895,0.2755264571057625,757.734375,746.09375,746.469254032258
128f,gf_mul_const_batch4,mve_compact,C/MVE-COMPACT,31,4,9031.078125,9031.078125,9031.483870967742,2.219511184851593,0.02457526599794246,9043.640625,2257.76953125,2257.8709677419356
128f,gf_sqr,mve_compact,C/MVE-COMPACT,31,1,250.09375,250.09375,250.38407258064515,1.590162263724676,0.6350892240609703,259.09375,250.09375,250.38407258064515
128f,gf_sqr_batch4,mve_compact,C/MVE-COMPACT,31,4,471.046875,471.046875,471.59475806451616,3.000879133105421,0.6363258034125325,488.03125,117.76171875,117.89868951612904
128f,aim3_mpc_batch4,mve_refmat,B/MVE-REFMAT,31,4,58631.875,58631.875,58636.81048387097,26.80473505819564,0.04571315328545833,58783.625,14657.96875,14659.202620967742
128f,aim3_mpc_batch4_affine,mve_refmat,B/MVE-REFMAT,31,4,53364.125,53364.125,53367.145161290326,16.31420618237621,0.030569756229362,53456.5,13341.03125,13341.786290322581
128f,aim3_mpc_batch4_frobenius,mve_refmat,B/MVE-REFMAT,31,4,5201.0,5201.0,5201.975806451613,5.344712053074605,0.10274388524540938,5231.25,1300.25,1300.4939516129032
128f,aim3_mpc_scalar,mve_refmat,B/MVE-REFMAT,31,1,18494.875,18494.875,18496.225806451614,7.398671643718978,0.04000098031425563,18536.75,18494.875,18496.225806451614
128f,gf_frobenius_batch4_e11,mve_refmat,B/MVE-REFMAT,31,4,2340.5,2340.5,2340.733870967742,1.280964045778211,0.05472489041433041,2347.75,585.125,585.1834677419355
128f,gf_frobenius_batch4_e3,mve_refmat,B/MVE-REFMAT,31,4,844.5,844.5,847.0403225806451,13.913919807590913,1.6426514106435817,923.25,211.125,211.76008064516128
128f,gf_frobenius_batch4_e7,mve_refmat,B/MVE-REFMAT,31,4,1592.375,1592.5,1592.4959677419354,0.022085586996176052,0.0013868535584107067,1592.5,398.125,398.12399193548384
128f,gf_inv,mve_refmat,B/MVE-REFMAT,31,1,125756.75,125756.75,125757.17741935483,2.318355531951175,0.0018435174671742954,125769.875,125756.75,125757.17741935483
128f,gf_mat_vec_mul,mve_refmat,B/MVE-REFMAT,31,1,3264.09375,3264.09375,3264.4919354838707,2.1809517158723852,0.06680830459913878,3276.4375,3264.09375,3264.4919354838707
128f,gf_mat_vec_mul_add,mve_refmat,B/MVE-REFMAT,31,1,3294.109375,3294.109375,3294.157762096774,0.26502704395411264,0.008045365859630824,3295.609375,3294.109375,3294.157762096774
128f,gf_mul,mve_refmat,B/MVE-REFMAT,31,1,746.09375,746.09375,746.469254032258,2.056720289018895,0.2755264571057625,757.734375,746.09375,746.469254032258
128f,gf_mul_const_batch4,mve_refmat,B/MVE-REFMAT,31,4,9031.078125,9031.078125,9031.482358870968,2.2112290961515666,0.024483567683433908,9043.59375,2257.76953125,2257.870589717742
128f,gf_sqr,mve_refmat,B/MVE-REFMAT,31,1,250.09375,250.09375,250.38306451612902,1.5846408669756318,0.6328866011916526,259.0625,250.09375,250.38306451612902
128f,gf_sqr_batch4,mve_refmat,B/MVE-REFMAT,31,4,471.046875,471.046875,471.59375,2.995357736356377,0.6351563684540724,488.0,117.76171875,117.8984375
128f,aim3_mpc_batch4,ref,A/REF,31,4,72455.875,72455.875,72458.28629032258,13.184377728091802,0.018195817763706466,72530.5,18113.96875,18114.571572580644
128f,aim3_mpc_batch4_affine,ref,A/REF,31,4,53472.0,53472.125,53473.38306451613,6.890776289127765,0.012886366813212435,53511.125,13368.03125,13368.345766129032
128f,aim3_mpc_batch4_frobenius,ref,A/REF,31,4,18917.0,18917.0,18917.415322580644,2.2521018625203286,0.011904913140180004,18929.75,4729.25,4729.353830645161
128f,aim3_mpc_scalar,ref,A/REF,31,1,17790.25,17790.75,17792.100806451614,7.719138563083798,0.04338520024731848,17834.375,17790.75,17792.100806451614
128f,gf_frobenius_batch4_e11,ref,A/REF,31,4,9630.75,9630.75,9630.875,0.6846531968814576,0.00710894074402853,9634.625,2407.6875,2407.71875
128f,gf_frobenius_batch4_e3,ref,A/REF,31,4,2686.75,2686.75,2687.342741935484,3.2465812884378797,0.12081009384383994,2705.125,671.6875,671.835685483871
128f,gf_frobenius_batch4_e7,ref,A/REF,31,4,6158.625,6158.75,6158.745967741936,0.022085586996176052,0.0003586052600944278,6158.75,1539.6875,1539.686491935484
128f,gf_inv,ref,A/REF,31,1,626847.0,626847.625,626848.7782258064,7.074966493524568,0.0011286560234749297,626887.5,626847.625,626848.7782258064
128f,gf_mat_vec_mul,ref,A/REF,31,1,3262.09375,3262.09375,3262.4269153225805,1.8248216255590464,0.055934482914803095,3272.421875,3262.09375,3262.4269153225805
128f,gf_mat_vec_mul_add,ref,A/REF,31,1,3291.109375,3291.109375,3291.125,0.0855816496101822,0.002600376759016513,3291.59375,3291.109375,3291.125
128f,gf_mul,ref,A/REF,31,1,4707.625,4707.65625,4710.146169354839,13.635011389924665,0.2894817039572317,4784.828125,4707.65625,4710.146169354839
128f,gf_mul_const_batch4,ref,A/REF,31,4,18925.75,18925.765625,18926.260080645163,2.4836966777456433,0.013123018848745413,18939.859375,4731.44140625,4731.565020161291
128f,gf_sqr,ref,A/REF,31,1,217.09375,217.09375,217.44254032258064,1.9104032751692286,0.8785784383934738,227.90625,217.09375,217.44254032258064
128f,gf_sqr_batch4,ref,A/REF,31,4,935.09375,935.09375,935.1859879032259,0.5052078025375272,0.05402217409932009,937.953125,233.7734375,233.79649697580646
128s,aim3_mpc_batch4,mve_compact,C/MVE-COMPACT,31,4,70375.5,70375.875,70379.99596774194,22.959806303954057,0.03262263088858016,70505.75,17593.96875,17594.998991935485
128s,aim3_mpc_batch4_affine,mve_compact,C/MVE-COMPACT,31,4,65099.75,65100.125,65102.270161290326,12.13819521339567,0.01864481097713397,65168.75,16275.03125,16275.567540322581
128s,aim3_mpc_batch4_frobenius,mve_compact,C/MVE-COMPACT,31,4,5209.0,5209.0,5210.137096774193,6.228135532921646,0.11953880324526849,5244.25,1302.25,1302.5342741935483
128s,aim3_mpc_scalar,mve_compact,C/MVE-COMPACT,31,1,21427.875,21427.875,21429.709677419356,10.048942083260103,0.04689257220245381,21484.75,21427.875,21429.709677419356
128s,gf_frobenius_batch4_e11,mve_compact,C/MVE-COMPACT,31,4,2336.5,2336.5,2337.0120967741937,2.804869548514359,0.12001947069020115,2352.375,584.125,584.2530241935484
128s,gf_frobenius_batch4_e3,mve_compact,C/MVE-COMPACT,31,4,840.5,840.5,843.0564516129032,14.002262155575618,1.6608925925170288,919.75,210.125,210.7641129032258
128s,gf_frobenius_batch4_e7,mve_compact,C/MVE-COMPACT,31,4,1588.5,1588.5,1588.883064516129,2.0981307646367253,0.13205067204084525,1600.375,397.125,397.22076612903226
128s,gf_inv,mve_compact,C/MVE-COMPACT,31,1,125756.75,125756.75,125757.18951612903,2.38460937317689,0.0018962012290128759,125770.25,125756.75,125757.18951612903
128s,gf_mat_vec_mul,mve_compact,C/MVE-COMPACT,31,1,3997.09375,3997.09375,3997.2111895161293,0.6432427212636275,0.01609228761669441,4000.734375,3997.09375,3997.2111895161293
128s,gf_mat_vec_mul_add,mve_compact,C/MVE-COMPACT,31,1,4027.109375,4027.109375,4027.124495967742,0.0828209512356602,0.0020565778713468315,4027.578125,4027.109375,4027.124495967742
128s,gf_mul,mve_compact,C/MVE-COMPACT,31,1,746.09375,746.09375,746.4677419354839,2.0484381938953287,0.2744175104719223,757.6875,746.09375,746.4677419354839
128s,gf_mul_const_batch4,mve_compact,C/MVE-COMPACT,31,4,9031.078125,9031.078125,9031.482862903225,2.213989792379569,0.024514133791622657,9043.609375,2257.76953125,2257.8707157258063
128s,gf_sqr,mve_compact,C/MVE-COMPACT,31,1,250.09375,250.09375,250.39717741935485,1.661940421462248,0.6637217074851043,259.5,250.09375,250.39717741935485
128s,gf_sqr_batch4,mve_compact,C/MVE-COMPACT,31,4,467.046875,467.046875,467.5907258064516,2.978793546109245,0.6370514601143411,483.90625,116.76171875,116.8976814516129
128s,aim3_mpc_batch4,mve_refmat,B/MVE-REFMAT,31,4,58631.875,58631.875,58636.42338709677,24.525161483375395,0.04182581417265002,58770.75,14657.96875,14659.105846774193
128s,aim3_mpc_batch4_affine,mve_refmat,B/MVE-REFMAT,31,4,53356.125,53356.125,53358.9435483871,15.050815763635024,0.02820673492155369,53441.375,13339.03125,13339.735887096775
128s,aim3_mpc_batch4_frobenius,mve_refmat,B/MVE-REFMAT,31,4,5209.0,5209.0,5209.741935483871,4.063748007296393,0.07800286573924049,5232.0,1302.25,1302.4354838709678
128s,aim3_mpc_scalar,mve_refmat,B/MVE-REFMAT,31,1,18494.875,18494.875,18496.576612903227,9.320117712386294,0.05038833892042797,18547.625,18494.875,18496.576612903227
128s,gf_frobenius_batch4_e11,mve_refmat,B/MVE-REFMAT,31,4,2336.5,2336.5,2336.6169354838707,0.6404820228891055,0.027410655686122266,2340.125,584.125,584.1542338709677
128s,gf_frobenius_batch4_e3,mve_refmat,B/MVE-REFMAT,31,4,840.5,840.5,843.2862903225806,15.261140614357652,1.8097223670646703,926.875,210.125,210.82157258064515
128s,gf_frobenius_batch4_e7,mve_refmat,B/MVE-REFMAT,31,4,1588.5,1588.5,1588.616935483871,0.6404820228891055,0.04031695801442677,1592.125,397.125,397.15423387096774
128s,gf_inv,mve_refmat,B/MVE-REFMAT,31,1,125756.75,125756.75,125757.18951612903,2.38460937317689,0.0018962012290128759,125770.25,125756.75,125757.18951612903
128s,gf_mat_vec_mul,mve_refmat,B/MVE-REFMAT,31,1,3264.09375,3264.09375,3264.484879032258,2.142301938629077,0.06562450181310543,3276.21875,3264.09375,3264.484879032258
128s,gf_mat_vec_mul_add,mve_refmat,B/MVE-REFMAT,31,1,3294.109375,3294.109375,3294.124495967742,0.0828209512356602,0.0025142022208644306,3294.578125,3294.109375,3294.124495967742
128s,gf_mul,mve_refmat,B/MVE-REFMAT,31,1,746.09375,746.09375,746.499495967742,2.222362191490215,0.29770444635186316,758.671875,746.09375,746.499495967742
128s,gf_mul_const_batch4,mve_refmat,B/MVE-REFMAT,31,4,9031.078125,9031.078125,9031.480342741936,2.200186311293425,0.02436130321715846,9043.53125,2257.76953125,2257.870085685484
128s,gf_sqr,mve_refmat,B/MVE-REFMAT,31,1,250.09375,250.09375,250.39717741935485,1.661940421462248,0.6637217074851043,259.5,250.09375,250.39717741935485
128s,gf_sqr_batch4,mve_refmat,B/MVE-REFMAT,31,4,467.046875,467.046875,467.5907258064516,2.978793546109245,0.6370514601143411,483.90625,116.76171875,116.8976814516129
128s,aim3_mpc_batch4,ref,A/REF,31,4,72455.75,72455.875,72458.53629032258,14.599325877484999,0.02014852441814348,72538.5,18113.96875,18114.634072580644
128s,aim3_mpc_batch4_affine,ref,A/REF,31,4,53464.0,53464.125,53465.528225806454,7.708637650900606,0.014417958461653882,53507.75,13366.03125,13366.382056451614
128s,aim3_mpc_batch4_frobenius,ref,A/REF,31,4,18925.0,18925.0,18925.532258064515,2.9152974834952388,0.015404044883614711,18941.5,4731.25,4731.383064516129
128s,aim3_mpc_scalar,ref,A/REF,31,1,17790.25,17790.75,17791.983870967742,7.101918040523871,0.03991639207875239,17830.875,17790.75,17791.983870967742
128s,gf_frobenius_batch4_e11,ref,A/REF,31,4,9630.75,9630.75,9631.02822580645,1.5239055027361477,0.01582287443258473,9639.375,2407.6875,2407.7570564516127
128s,gf_frobenius_batch4_e3,ref,A/REF,31,4,2686.75,2686.75,2687.4758064516127,3.9754056593116895,0.14792340268769097,2709.25,671.6875,671.8689516129032
128s,gf_frobenius_batch4_e7,ref,A/REF,31,4,6158.75,6158.75,6159.145161290323,2.164387525625253,0.03514103774056561,6171.0,1539.6875,1539.7862903225807
128s,gf_inv,ref,A/REF,31,1,626847.0,626847.375,626848.875,7.856192338818858,0.0012532833115188823,626891.875,626847.375,626848.875
128s,gf_mat_vec_mul,ref,A/REF,31,1,3262.09375,3262.09375,3262.4450604838707,1.9242067670418386,0.05898051097775265,3272.984375,3262.09375,3262.4450604838707
128s,gf_mat_vec_mul_add,ref,A/REF,31,1,3291.109375,3291.109375,3291.125,0.0855816496101822,0.002600376759016513,3291.59375,3291.109375,3291.125
128s,gf_mul,ref,A/REF,31,1,4707.625,4707.65625,4710.1411290322585,13.573180049967457,0.2881692857631251,4784.484375,4707.65625,4710.1411290322585
128s,gf_mul_const_batch4,ref,A/REF,31,4,18925.75,18925.765625,18926.191028225807,2.105627681278676,0.011125469874727683,18937.71875,4731.44140625,4731.547757056452
128s,gf_sqr,ref,A/REF,31,1,217.09375,217.09375,217.4359879032258,1.8745141963004426,0.8620993306474788,227.703125,217.09375,217.4359879032258
128s,gf_sqr_batch4,ref,A/REF,31,4,935.09375,935.09375,935.1663306451613,0.397540565931169,0.0425101452975654,937.34375,233.7734375,233.79158266129033
192f,aim3_mpc_batch4,mve_compact,C/MVE-COMPACT,31,4,143139.5,143144.25,143149.16129032258,31.207667998161202,0.021800803942447516,143319.875,35786.0625,35787.290322580644
192f,aim3_mpc_batch4_affine,mve_compact,C/MVE-COMPACT,31,4,118977.625,118982.375,118984.78629032258,17.136907019822317,0.014402603521099167,119078.25,29745.59375,29746.196572580644
192f,aim3_mpc_batch4_frobenius,mve_compact,C/MVE-COMPACT,31,4,24094.0,24094.0,24095.79435483871,9.828086213298343,0.040787558478331515,24149.625,6023.5,6023.948588709677
192f,aim3_mpc_scalar,mve_compact,C/MVE-COMPACT,31,1,62314.875,62315.0,62319.13306451613,22.295733523494498,0.03577670681075224,62441.25,62315.0,62319.13306451613
192f,gf_frobenius_batch4_e11,mve_compact,C/MVE-COMPACT,31,4,3431.5,3431.5,3435.1290322580644,19.877028296558446,0.5786399320054765,3544.0,857.875,858.7822580645161
192f,gf_frobenius_batch4_e23,mve_compact,C/MVE-COMPACT,31,4,6755.5,6755.5,6755.887096774193,2.120216351632901,0.03138324133103503,6767.5,1688.875,1688.9717741935483
192f,gf_frobenius_batch4_e47,mve_compact,C/MVE-COMPACT,31,4,13403.5,13403.5,13404.008064516129,2.7827839615181826,0.020760834730358977,13419.25,3350.875,3351.002016129032
192f,gf_inv,mve_compact,C/MVE-COMPACT,31,1,348226.75,348226.75,348227.7217741936,5.277072066418341,0.0015154083768897154,348256.625,348226.75,348227.7217741936
192f,gf_mat_vec_mul,mve_compact,C/MVE-COMPACT,31,1,7334.078125,7334.078125,7334.208669354839,0.6751263274473059,0.009205169335694591,7337.90625,7334.078125,7334.208669354839
192f,gf_mat_vec_mul_add,mve_compact,C/MVE-COMPACT,31,1,7377.484375,7377.546875,7377.573588709677,0.23557132676430798,0.003193073222947125,7378.859375,7377.546875,7377.573588709677
192f,gf_mul,mve_compact,C/MVE-COMPACT,31,1,1422.09375,1422.09375,1422.586693548387,2.6999630102825223,0.189792511242176,1437.375,1422.09375,1422.586693548387
192f,gf_mul_const_batch4,mve_compact,C/MVE-COMPACT,31,4,19781.078125,19781.078125,19781.683467741936,3.312747175191864,0.01674653818313276,19799.828125,4945.26953125,4945.420866935484
192f,gf_sqr,mve_compact,C/MVE-COMPACT,31,1,404.0625,404.078125,404.56451612903226,2.669782127932343,0.6599150497620112,419.1875,404.078125,404.56451612903226
192f,gf_sqr_batch4,mve_compact,C/MVE-COMPACT,31,4,654.046875,654.046875,654.8533266129032,4.41711739923521,0.6745201130888133,679.046875,163.51171875,163.7133316532258
192f,aim3_mpc_batch4,mve_refmat,B/MVE-REFMAT,31,4,137113.875,137113.875,137120.45967741936,35.99731714769068,0.026252331149104673,137317.625,34278.46875,34280.11491935484
192f,aim3_mpc_batch4_affine,mve_refmat,B/MVE-REFMAT,31,4,112952.125,112952.125,112956.2379032258,22.458863713759328,0.01988280074713603,113079.25,28238.03125,28239.05947580645
192f,aim3_mpc_batch4_frobenius,mve_refmat,B/MVE-REFMAT,31,4,24094.0,24094.0,24095.53629032258,8.414608645543076,0.034921856663230236,24141.625,6023.5,6023.884072580645
192f,aim3_mpc_scalar,mve_refmat,B/MVE-REFMAT,31,1,60874.625,60874.875,60879.282258064515,23.97993465105538,0.03938931893021591,61010.625,60874.875,60879.282258064515
192f,gf_frobenius_batch4_e11,mve_refmat,B/MVE-REFMAT,31,4,3431.5,3431.5,3434.9959677419356,19.148203925684637,0.5574447278979514,3539.875,857.875,858.7489919354839
192f,gf_frobenius_batch4_e23,mve_refmat,B/MVE-REFMAT,31,4,6755.5,6755.5,6755.870967741936,2.0318740036481966,0.030075678078371068,6767.0,1688.875,1688.967741935484
192f,gf_frobenius_batch4_e47,mve_refmat,B/MVE-REFMAT,31,4,13403.5,13403.5,13403.620967741936,0.6625676098852816,0.004943198643708754,13407.25,3350.875,3350.905241935484
192f,gf_inv,mve_refmat,B/MVE-REFMAT,31,1,348226.75,348226.75,348227.43548387097,3.709033078684,0.0010651179949478144,348247.75,348226.75,348227.43548387097
192f,gf_mat_vec_mul,mve_refmat,B/MVE-REFMAT,31,1,6983.125,6983.125,6983.384576612903,1.4217596628788334,0.020359177520313774,6991.171875,6983.125,6983.384576612903
192f,gf_mat_vec_mul_add,mve_refmat,B/MVE-REFMAT,31,1,7012.34375,7012.34375,7012.433971774193,0.12191955847850736,0.001738619699939376,7012.640625,7012.34375,7012.433971774193
192f,gf_mul,mve_refmat,B/MVE-REFMAT,31,1,1422.09375,1422.09375,1422.586693548387,2.6999630102825223,0.189792511242176,1437.375,1422.09375,1422.586693548387
192f,gf_mul_const_batch4,mve_refmat,B/MVE-REFMAT,31,4,19781.078125,19781.078125,19781.683467741936,3.312747175191864,0.01674653818313276,19799.828125,4945.26953125,4945.420866935484
192f,gf_sqr,mve_refmat,B/MVE-REFMAT,31,1,404.078125,404.078125,404.5655241935484,2.6695953281627802,0.6598672325043736,419.1875,404.078125,404.5655241935484
192f,gf_sqr_batch4,mve_refmat,B/MVE-REFMAT,31,4,654.046875,654.046875,654.8533266129032,4.41711739923521,0.6745201130888133,679.046875,163.51171875,163.7133316532258
192f,aim3_mpc_batch4,ref,A/REF,31,4,232856.0,232856.125,232861.9193548387,30.94063886629904,0.013287118371274439,233031.375,58214.03125,58215.479838709674
192f,aim3_mpc_batch4_affine,ref,A/REF,31,4,113066.0,113066.125,113070.16935483871,21.37936308014809,0.01890804904789256,113187.25,28266.53125,28267.542338709678
192f,aim3_mpc_batch4_frobenius,ref,A/REF,31,4,119683.0,119683.0,119684.12096774194,6.11701123775577,0.005110963082065387,119717.625,29920.75,29921.030241935485
192f,aim3_mpc_scalar,ref,A/REF,31,1,57962.875,57965.125,57967.54435483871,14.380014847110616,0.024807010555916838,58045.875,57965.125,57967.54435483871
192f,gf_frobenius_batch4_e11,ref,A/REF,31,4,16238.75,16238.75,16240.25,8.215838362577491,0.050589358923523293,16285.25,4059.6875,4060.0625
192f,gf_frobenius_batch4_e23,ref,A/REF,31,4,33854.75,33854.75,33855.842741935485,4.680515521425598,0.013824838321416483,33880.125,8463.6875,8463.960685483871
192f,gf_frobenius_batch4_e47,ref,A/REF,31,4,69086.75,69086.75,69087.70161290323,4.537220334773827,0.006567334313993779,69112.25,17271.6875,17271.925403225807
192f,gf_inv,ref,A/REF,31,1,1876416.75,1876417.25,1876420.7741935484,19.463583120741742,0.0010372717776537534,1876527.375,1876417.25,1876420.7741935484
192f,gf_mat_vec_mul,ref,A/REF,31,1,6983.125,6983.125,6983.368951612903,1.3361780132686512,0.019133716441547065,6990.6875,6983.125,6983.368951612903
192f,gf_mat_vec_mul_add,ref,A/REF,31,1,7012.34375,7012.34375,7012.458669354839,0.2082574436873666,0.002969820622223029,7013.40625,7012.34375,7012.458669354839
192f,gf_mul,ref,A/REF,31,1,9438.0625,9438.09375,9440.736391129032,14.497169290320077,0.15355972976792692,9520.140625,9438.09375,9440.736391129032
192f,gf_mul_const_batch4,ref,A/REF,31,4,37913.546875,37913.640625,37914.28175403226,3.58066623352289,0.009444109364255802,37933.890625,9478.41015625,9478.570438508064
192f,gf_sqr,ref,A/REF,31,1,367.03125,367.046875,367.625,3.1750949511138575,0.863677647361811,385.015625,367.046875,367.625
192f,gf_sqr_batch4,ref,A/REF,31,4,1542.078125,1542.078125,1542.2797379032259,0.7884582267677218,0.051122906395674614,1546.328125,385.51953125,385.56993447580646
192s,aim3_mpc_batch4,mve_compact,C/MVE-COMPACT,31,4,143143.625,143144.125,143150.5806451613,35.72498770269852,0.024956229686034514,143346.25,35786.03125,35787.645161290326
192s,aim3_mpc_batch4_affine,mve_compact,C/MVE-COMPACT,31,4,118981.875,118982.25,118985.58064516129,18.17612501474142,0.015275905631747301,119085.125,29745.5625,29746.395161290322
192s,aim3_mpc_batch4_frobenius,mve_compact,C/MVE-COMPACT,31,4,24094.0,24094.0,24096.1935483871,12.014559325919773,0.0498608184807014,24162.0,6023.5,6024.048387096775
192s,aim3_mpc_scalar,mve_compact,C/MVE-COMPACT,31,1,62314.875,62315.0,62319.66935483871,24.961150224929717,0.040053406064792685,62456.375,62315.0,62319.66935483871
192s,gf_frobenius_batch4_e11,mve_compact,C/MVE-COMPACT,31,4,3431.5,3431.5,3435.6491935483873,22.726069019065157,0.6614781585308874,3560.125,857.875,858.9122983870968
192s,gf_frobenius_batch4_e23,mve_compact,C/MVE-COMPACT,31,4,6755.5,6755.5,6756.229838709677,3.997491246307866,0.059167484554837425,6778.125,1688.875,1689.0574596774193
192s,gf_frobenius_batch4_e47,mve_compact,C/MVE-COMPACT,31,4,13403.5,13403.5,13403.737903225807,1.303049632774387,0.009721539186921799,13410.875,3350.875,3350.9344758064517
192s,gf_inv,mve_compact,C/MVE-COMPACT,31,1,348226.75,348226.75,348227.62903225806,4.769113060733221,0.0013695389633461377,348253.75,348226.75,348227.62903225806
192s,gf_mat_vec_mul,mve_compact,C/MVE-COMPACT,31,1,7334.078125,7334.078125,7334.198588709677,0.62561957128703,0.008530169502774493,7337.625,7334.078125,7334.198588709677
192s,gf_mat_vec_mul_add,mve_compact,C/MVE-COMPACT,31,1,7377.484375,7377.546875,7377.580645161291,0.2742204164374035,0.0037169423097700134,7379.078125,7377.546875,7377.580645161291
192s,gf_mul,mve_compact,C/MVE-COMPACT,31,1,1422.09375,1422.09375,1422.5877016129032,2.7054844070315665,0.1901805002225268,1437.40625,1422.09375,1422.5877016129032
192s,gf_mul_const_batch4,mve_compact,C/MVE-COMPACT,31,4,19781.078125,19781.078125,19781.61239919355,2.9234888573779547,0.014778819837240055,19797.625,4945.26953125,4945.403099798387
192s,gf_sqr,mve_compact,C/MVE-COMPACT,31,1,404.0625,404.0625,404.54788306451616,2.6557012463404077,0.6564615358318125,419.09375,404.0625,404.54788306451616
192s,gf_sqr_batch4,mve_compact,C/MVE-COMPACT,31,4,654.046875,654.046875,654.8417338709677,4.353621336621204,0.6648356559203444,678.6875,163.51171875,163.71043346774192
192s,aim3_mpc_batch4,mve_refmat,B/MVE-REFMAT,31,4,137114.0,137114.125,137121.0241935484,37.78845268872093,0.027558467354635536,137328.0,34278.53125,34280.2560483871
192s,aim3_mpc_batch4_affine,mve_refmat,B/MVE-REFMAT,31,4,112952.25,112952.375,112956.72177419355,23.808283952344468,0.02107735031469706,113087.125,28238.09375,28239.180443548386
192s,aim3_mpc_batch4_frobenius,mve_refmat,B/MVE-REFMAT,31,4,24094.0,24094.0,24095.548387096773,8.480865406531604,0.035196814242555816,24142.0,6023.5,6023.887096774193
192s,aim3_mpc_scalar,mve_refmat,B/MVE-REFMAT,31,1,60866.875,60869.0,60872.37903225807,21.571815633104155,0.035437773216769816,60990.375,60869.0,60872.37903225807
192s,gf_frobenius_batch4_e11,mve_refmat,B/MVE-REFMAT,31,4,3431.5,3431.5,3434.875,18.485636315799358,0.5381749355012733,3536.125,857.875,858.71875
192s,gf_frobenius_batch4_e23,mve_refmat,B/MVE-REFMAT,31,4,6755.375,6755.5,6755.495967741936,0.022085586996176052,0.00032692769119597727,6755.5,1688.875,1688.873991935484
192s,gf_frobenius_batch4_e47,mve_refmat,B/MVE-REFMAT,31,4,13403.5,13403.5,13403.629032258064,0.7067387838776337,0.005272742047521229,13407.5,3350.875,3350.907258064516
192s,gf_inv,mve_refmat,B/MVE-REFMAT,31,1,348226.75,348226.75,348227.50403225806,4.08447639858187,0.0011729333126436518,348249.875,348226.75,348227.50403225806
192s,gf_mat_vec_mul,mve_refmat,B/MVE-REFMAT,31,1,6983.125,6983.125,6983.392641129032,1.4659308368711854,0.020991671415373583,6991.421875,6983.125,6983.392641129032
192s,gf_mat_vec_mul_add,mve_refmat,B/MVE-REFMAT,31,1,7012.34375,7012.34375,7012.471774193548,0.3115261882200761,0.004442459067949723,7014.0625,7012.34375,7012.471774193548
192s,gf_mul,mve_refmat,B/MVE-REFMAT,31,1,1422.09375,1422.09375,1422.5882056451612,2.7082451054060885,0.1903744945065017,1437.421875,1422.09375,1422.5882056451612
192s,gf_mul_const_batch4,mve_refmat,B/MVE-REFMAT,31,4,19781.078125,19781.078125,19781.61189516129,2.9207281602341313,0.014764864338221901,19797.609375,4945.26953125,4945.402973790323
192s,gf_sqr,mve_refmat,B/MVE-REFMAT,31,1,404.0625,404.0625,404.54637096774195,2.650270439541126,0.6551215459432352,419.0625,404.0625,404.54637096774195
192s,gf_sqr_batch4,mve_refmat,B/MVE-REFMAT,31,4,654.046875,654.046875,654.8417338709677,4.353621336621204,0.6648356559203444,678.6875,163.51171875,163.71043346774192
192s,aim3_mpc_batch4,ref,A/REF,31,4,232787.75,232787.75,232793.7258064516,32.525508279898794,0.013971814818987441,232971.875,58196.9375,58198.4314516129
192s,aim3_mpc_batch4_affine,ref,A/REF,31,4,113032.5,113032.625,113036.47983870968,20.931365778684444,0.018517354581946595,113151.125,28258.15625,28259.11995967742
192s,aim3_mpc_batch4_frobenius,ref,A/REF,31,4,119683.0,119683.0,119684.24596774194,6.801660425759765,0.005683003949904144,119721.5,29920.75,29921.061491935485
192s,aim3_mpc_scalar,ref,A/REF,31,1,57965.875,57969.125,57971.14112903226,12.569794741932679,0.021682848564175766,58039.5,57969.125,57971.14112903226
192s,gf_frobenius_batch4_e11,ref,A/REF,31,4,16242.75,16242.75,16244.975806451614,11.482692944290621,0.07068458015019219,16307.75,4060.6875,4061.2439516129034
192s,gf_frobenius_batch4_e23,ref,A/REF,31,4,33858.75,33858.75,33859.979838709674,6.027164379528436,0.01780025980003099,33892.75,8464.6875,8464.994959677419
192s,gf_frobenius_batch4_e47,ref,A/REF,31,4,69090.75,69090.75,69092.10887096774,5.5916792603915155,0.008093079443897418,69120.25,17272.6875,17273.027217741936
192s,gf_inv,ref,A/REF,31,1,1876416.125,1876417.25,1876420.677419355,19.02560282080726,0.0010139305673700638,1876524.875,1876417.25,1876420.677419355
192s,gf_mat_vec_mul,ref,A/REF,31,1,6983.125,6983.125,6983.384576612903,1.4217596628788334,0.020359177520313774,6991.171875,6983.125,6983.384576612903
192s,gf_mat_vec_mul_add,ref,A/REF,31,1,7012.34375,7012.34375,7012.439012096775,0.1330778799496515,0.0018977402829470052,7012.796875,7012.34375,7012.439012096775
192s,gf_mul,ref,A/REF,31,1,9438.0625,9438.09375,9440.712197580646,14.364654726623085,0.15215647321930106,9519.390625,9438.09375,9440.712197580646
192s,gf_mul_const_batch4,ref,A/REF,31,4,37913.546875,37913.640625,37914.23941532258,3.3316345437717385,0.008787290989214196,37932.484375,9478.41015625,9478.559853830646
192s,gf_sqr,ref,A/REF,31,1,367.03125,367.046875,367.64163306451616,3.2547967264918003,0.885317775182613,385.46875,367.046875,367.64163306451616
192s,gf_sqr_batch4,ref,A/REF,31,4,1546.078125,1546.078125,1546.2706653225807,0.7649755216850506,0.04947229090228278,1549.921875,386.51953125,386.5676663306452
256f,aim3_mpc_batch4,mve_compact,C/MVE-COMPACT,31,4,486805.75,487786.375,487756.59274193546,177.47357245261813,0.03638568398531451,487956.75,121946.59375,121939.14818548386
256f,aim3_mpc_batch4_affine,mve_compact,C/MVE-COMPACT,31,4,465849.875,466830.75,466796.0,174.6681992771142,0.03741852956690165,466872.625,116707.6875,116699.0
256f,aim3_mpc_batch4_frobenius,mve_compact,C/MVE-COMPACT,31,4,20821.375,20822.0,20826.33870967742,19.860277909879517,0.0953613507719002,20932.625,5205.5,5206.584677419355
256f,aim3_mpc_scalar,mve_compact,C/MVE-COMPACT,31,1,138773.25,138773.375,138799.77822580645,102.69456705443282,0.07398755845802876,139265.0,138773.375,138799.77822580645
256f,gf_frobenius_batch4_e11,mve_compact,C/MVE-COMPACT,31,4,5389.0,5389.125,5389.923387096775,3.730281142024443,0.06920842605953477,5410.0,1347.28125,1347.4808467741937
256f,gf_frobenius_batch4_e19,mve_compact,C/MVE-COMPACT,31,4,8485.0,8485.25,8485.943548387097,3.662533539106235,0.04316000357794466,8506.0,2121.3125,2121.485887096774
256f,gf_frobenius_batch4_e3,mve_compact,C/MVE-COMPACT,31,4,2292.875,2293.25,2298.1290322580644,27.18040988141165,1.1827190510145154,2447.0,573.3125,574.5322580645161
256f,gf_frobenius_batch4_e7,mve_compact,C/MVE-COMPACT,31,4,3840.5,3841.5,3842.1612903225805,5.262005622742845,0.13695431360459773,3870.875,960.375,960.5403225806451
256f,gf_inv,mve_compact,C/MVE-COMPACT,31,1,724748.625,724748.625,724749.3870967742,4.1058763502494795,0.0005665236043450742,724771.875,724748.625,724749.3870967742
256f,gf_mat_vec_mul,mve_compact,C/MVE-COMPACT,31,1,15152.609375,15152.625,15155.164818548386,13.44532360786457,0.0887177656518051,15228.796875,15152.625,15155.164818548386
256f,gf_mat_vec_mul_add,mve_compact,C/MVE-COMPACT,31,1,15195.09375,15195.09375,15195.660786290322,3.1029341764238736,0.020419869988302003,15212.65625,15195.09375,15195.660786290322
256f,gf_mul,mve_compact,C/MVE-COMPACT,31,1,2288.09375,2288.09375,2288.7535282258063,3.6137541722493065,0.15789180126575764,2308.546875,2288.09375,2288.7535282258063
256f,gf_mul_const_batch4,mve_compact,C/MVE-COMPACT,31,4,37363.078125,37363.078125,37363.70564516129,3.434217863028308,0.009191320303298259,37382.515625,9340.76953125,9340.926411290322
256f,gf_sqr,mve_compact,C/MVE-COMPACT,31,1,566.0625,566.0625,566.9178427419355,4.684905141563846,0.8263816709146061,592.578125,566.0625,566.9178427419355
256f,gf_sqr_batch4,mve_compact,C/MVE-COMPACT,31,4,1511.640625,1511.6875,1512.561995967742,4.8383741693157925,0.31987939550340116,1539.0625,377.921875,378.1404989919355
256f,aim3_mpc_batch4,mve_refmat,B/MVE-REFMAT,31,4,442756.625,442911.125,443186.09274193546,777.3221110209062,0.17539406668014199,446730.5,110727.78125,110796.52318548386
256f,aim3_mpc_batch4_affine,mve_refmat,B/MVE-REFMAT,31,4,421870.75,422025.375,422291.9516129032,744.1630715738136,0.1762200460443432,425617.375,105506.34375,105572.9879032258
256f,aim3_mpc_batch4_frobenius,mve_refmat,B/MVE-REFMAT,31,4,20753.0,20754.25,20760.59677419355,35.97496763092061,0.17328484350526607,20957.625,5188.5625,5190.149193548387
256f,aim3_mpc_scalar,mve_refmat,B/MVE-REFMAT,31,1,127331.375,127349.5,127358.41129032258,54.99534615160693,0.043181557931215954,127582.625,127349.5,127358.41129032258
256f,gf_frobenius_batch4_e11,mve_refmat,B/MVE-REFMAT,31,4,5389.0,5389.125,5390.883064516129,8.286936832168676,0.15372132418740359,5435.625,1347.28125,1347.7207661290322
256f,gf_frobenius_batch4_e19,mve_refmat,B/MVE-REFMAT,31,4,8485.0,8485.25,8486.45564516129,6.718530914439781,0.07916769020374809,8523.25,2121.3125,2121.6139112903224
256f,gf_frobenius_batch4_e3,mve_refmat,B/MVE-REFMAT,31,4,2292.875,2293.25,2297.9193548387098,25.1508863674352,1.0945069205529423,2435.625,573.3125,574.4798387096774
256f,gf_frobenius_batch4_e7,mve_refmat,B/MVE-REFMAT,31,4,3840.5,3841.5,3843.4032258064517,10.244968753269239,0.26655982085042773,3899.125,960.375,960.8508064516129
256f,gf_inv,mve_refmat,B/MVE-REFMAT,31,1,724748.625,724748.625,724749.3830645161,4.083791659526513,0.0005634763899016634,724771.75,724748.625,724749.3830645161
256f,gf_mat_vec_mul,mve_refmat,B/MVE-REFMAT,31,1,13225.65625,13225.671875,13228.021169354839,12.469644687302399,0.09426689394926763,13296.3125,13225.671875,13228.021169354839
256f,gf_mat_vec_mul_add,mve_refmat,B/MVE-REFMAT,31,1,13265.125,13265.125,13265.826612903225,3.7858841629821414,0.028538622382564074,13286.5625,13265.125,13265.826612903225
256f,gf_mul,mve_refmat,B/MVE-REFMAT,31,1,2288.09375,2288.09375,2288.7545362903224,3.6192755689983507,0.15813297195533138,2308.578125,2288.09375,2288.7545362903224
256f,gf_mul_const_batch4,mve_refmat,B/MVE-REFMAT,31,4,37363.078125,37363.078125,37363.70514112903,3.4314571655455244,0.009183931712832896,37382.5,9340.76953125,9340.926285282258
256f,gf_sqr,mve_refmat,B/MVE-REFMAT,31,1,566.0625,566.0625,566.9173387096774,4.682144443189323,0.8258954389798763,592.5625,566.0625,566.9173387096774
256f,gf_sqr_batch4,mve_refmat,B/MVE-REFMAT,31,4,1511.640625,1511.671875,1512.5418346774193,4.739392514302238,0.31333959865731653,1538.5,377.91796875,378.1354586693548
256f,aim3_mpc_batch4,ref,A/REF,31,4,502423.375,502685.375,502759.9919354839,373.1831983513429,0.074226908333476,504644.0,125671.34375,125689.99798387097
256f,aim3_mpc_batch4_affine,ref,A/REF,31,4,410228.5,410502.125,410569.5967741936,341.89656889217144,0.0832737181657922,412265.125,102625.53125,102642.3991935484
256f,aim3_mpc_batch4_frobenius,ref,A/REF,31,4,92043.0,92043.0,92049.17741935483,29.73720201469619,0.032305777029620106,92211.625,23010.75,23012.29435483871
256f,aim3_mpc_scalar,ref,A/REF,31,1,124697.0,124697.125,124704.44354838709,29.516309712121064,0.02366901200330389,124861.75,124697.125,124704.44354838709
256f,gf_frobenius_batch4_e11,ref,A/REF,31,4,25100.375,25100.375,25100.504032258064,0.7067387838776337,0.002815635825357786,25104.375,6275.09375,6275.126008064516
256f,gf_frobenius_batch4_e19,ref,A/REF,31,4,43276.375,43276.375,43276.64112903226,1.4576487417476194,0.003368211357719607,43284.625,10819.09375,10819.160282258064
256f,gf_frobenius_batch4_e3,ref,A/REF,31,4,6924.375,6924.375,6925.068548387097,3.131499484568413,0.04521976154731009,6941.75,1731.09375,1731.2671370967741
256f,gf_frobenius_batch4_e7,ref,A/REF,31,4,16012.375,16012.375,16012.633064516129,1.4134775677552673,0.008827265085387628,16020.375,4003.09375,4003.158266129032
256f,gf_inv,ref,A/REF,31,1,3773233.875,3773237.75,3773277.955645161,94.01389497287549,0.0024915708855273253,3773733.5,3773237.75,3773277.955645161
256f,gf_mat_vec_mul,ref,A/REF,31,1,13293.078125,13293.109375,13295.193548387097,11.46113663905769,0.08620511312863208,13357.96875,13293.109375,13295.193548387097
256f,gf_mat_vec_mul_add,ref,A/REF,31,1,13332.09375,13332.203125,13332.688508064517,2.681453413017829,0.020111873245939136,13347.375,13332.203125,13332.688508064517
256f,gf_mul,ref,A/REF,31,1,14207.296875,14207.859375,14210.662802419354,15.708475995191456,0.11054006567883028,14296.6875,14207.859375,14210.662802419354
256f,gf_mul_const_batch4,ref,A/REF,31,4,56857.65625,56857.96875,56858.97580645161,6.01237650389892,0.010574190650857122,56891.890625,14214.4921875,14214.743951612903
256f,gf_sqr,ref,A/REF,31,1,570.0625,570.0625,570.9072580645161,4.626930475698883,0.8104522074890158,596.25,570.0625,570.9072580645161
256f,gf_sqr_batch4,ref,A/REF,31,4,2372.03125,2372.03125,2372.1436491935483,0.6156357375184075,0.025952717396676362,2375.515625,593.0078125,593.0359122983871
256s,aim3_mpc_batch4,mve_compact,C/MVE-COMPACT,31,4,468297.75,468969.875,469078.57258064515,782.1156551034229,0.16673446642437706,472483.125,117242.46875,117269.64314516129
256s,aim3_mpc_batch4_affine,mve_compact,C/MVE-COMPACT,31,4,447404.5,448076.5,448178.35887096776,752.399364815879,0.16787945020622866,451374.5,112019.125,112044.58971774194
256s,aim3_mpc_batch4_frobenius,mve_compact,C/MVE-COMPACT,31,4,20752.625,20755.75,20761.91935483871,33.344616597516605,0.16060469182848172,20944.5,5188.9375,5190.479838709677
256s,aim3_mpc_scalar,mve_compact,C/MVE-COMPACT,31,1,134578.75,134578.75,134587.87096774194,36.37998779503233,0.027030658508411874,134762.75,134578.75,134587.87096774194
256s,gf_frobenius_batch4_e11,mve_compact,C/MVE-COMPACT,31,4,5389.0,5389.125,5390.068548387097,5.123754639177934,0.09505917398232619,5418.125,1347.28125,1347.5171370967741
256s,gf_frobenius_batch4_e19,mve_compact,C/MVE-COMPACT,31,4,8485.0,8485.25,8485.951612903225,3.7296054852976797,0.04395035059623327,8506.375,2121.3125,2121.4879032258063
256s,gf_frobenius_batch4_e3,mve_compact,C/MVE-COMPACT,31,4,2292.875,2293.125,2298.9556451612902,28.209622664510942,1.2270625022229087,2452.625,573.28125,574.7389112903226
256s,gf_frobenius_batch4_e7,mve_compact,C/MVE-COMPACT,31,4,3840.375,3841.5,3842.3346774193546,6.5741265745741755,0.1710971876866694,3878.25,960.375,960.5836693548387
256s,gf_inv,mve_compact,C/MVE-COMPACT,31,1,724748.625,724748.625,724749.4596774194,4.503402286494762,0.0006213736659423234,724774.125,724748.625,724749.4596774194
256s,gf_mat_vec_mul,mve_compact,C/MVE-COMPACT,31,1,15221.703125,15221.71875,15223.441532258064,9.269617696750988,0.06089042137488371,15274.203125,15221.71875,15223.441532258064
256s,gf_mat_vec_mul_add,mve_compact,C/MVE-COMPACT,31,1,15264.15625,15264.15625,15264.615927419354,2.3260987684574244,0.015238501771139393,15277.3125,15264.15625,15264.615927419354
256s,gf_mul,mve_compact,C/MVE-COMPACT,31,1,2288.09375,2288.09375,2288.7580645161293,3.638600457620005,0.15897706769584877,2308.6875,2288.09375,2288.7580645161293
256s,gf_mul_const_batch4,mve_compact,C/MVE-COMPACT,31,4,37363.078125,37363.078125,37363.71118951613,3.464585535432717,0.00927259478551168,37382.6875,9340.76953125,9340.927797379032
256s,gf_sqr,mve_compact,C/MVE-COMPACT,31,1,566.0625,566.0625,566.9122983870968,4.654537459444103,0.8210330720795035,592.40625,566.0625,566.9122983870968
256s,gf_sqr_batch4,mve_compact,C/MVE-COMPACT,31,4,1511.640625,1511.671875,1512.5690524193549,4.885617983058569,0.3230013185344511,1539.328125,377.91796875,378.1422631048387
256s,aim3_mpc_batch4,mve_refmat,B/MVE-REFMAT,31,4,429887.5,430022.5,430096.5967741936,286.6730282230296,0.06665317288561033,431266.375,107505.625,107524.1491935484
256s,aim3_mpc_batch4_affine,mve_refmat,B/MVE-REFMAT,31,4,409000.5,409135.875,409200.4032258064,271.6743943065894,0.06639152653930135,410379.0,102283.96875,102300.1008064516
256s,aim3_mpc_batch4_frobenius,mve_refmat,B/MVE-REFMAT,31,4,20753.125,20753.375,20762.076612903227,46.04530418751866,0.2217760055798195,21014.125,5188.34375,5190.519153225807
256s,aim3_mpc_scalar,mve_refmat,B/MVE-REFMAT,31,1,124699.625,124712.75,124724.3508064516,48.605922530025055,0.038970675907106685,124973.75,124712.75,124724.3508064516
256s,gf_frobenius_batch4_e11,mve_refmat,B/MVE-REFMAT,31,4,5389.0,5389.125,5390.504032258064,7.439777292382463,0.13801635705791254,5431.25,1347.28125,1347.626008064516
256s,gf_frobenius_batch4_e19,mve_refmat,B/MVE-REFMAT,31,4,8485.0,8485.25,8486.34677419355,5.939522972643496,0.06998916177577393,8518.875,2121.3125,2121.5866935483873
256s,gf_frobenius_batch4_e3,mve_refmat,B/MVE-REFMAT,31,4,2292.875,2293.25,2298.0443548387098,25.319700755695365,1.1017933880337332,2436.625,573.3125,574.5110887096774
256s,gf_frobenius_batch4_e7,mve_refmat,B/MVE-REFMAT,31,4,3840.375,3841.5,3842.8790322580644,9.367523032966236,0.24376315138553573,3894.125,960.375,960.7197580645161
256s,gf_inv,mve_refmat,B/MVE-REFMAT,31,1,724748.625,724748.625,724749.3588709678,3.9512837255915794,0.000545193131560266,724771.0,724748.625,724749.3588709678
256s,gf_mat_vec_mul,mve_refmat,B/MVE-REFMAT,31,1,13293.71875,13293.734375,13295.779233870968,11.231535686124648,0.0844744447735138,13357.296875,13293.734375,13295.779233870968
256s,gf_mat_vec_mul_add,mve_refmat,B/MVE-REFMAT,31,1,13401.109375,13401.15625,13401.584677419354,2.0908546053274835,0.015601547545719826,13412.9375,13401.15625,13401.584677419354
256s,gf_mul,mve_refmat,B/MVE-REFMAT,31,1,2288.09375,2288.09375,2288.7600806451615,3.6496432511180927,0.15945940695056696,2308.75,2288.09375,2288.7600806451615
256s,gf_mul_const_batch4,mve_refmat,B/MVE-REFMAT,31,4,37363.078125,37363.078125,37363.71068548387,3.4618248379343632,0.009265206197197413,37382.671875,9340.76953125,9340.927671370968
256s,gf_sqr,mve_refmat,B/MVE-REFMAT,31,1,566.0625,566.0625,566.9112903225806,4.649016062695059,0.8200605883240926,592.375,566.0625,566.9112903225806
256s,gf_sqr_batch4,mve_refmat,B/MVE-REFMAT,31,4,1511.640625,1511.671875,1512.5559475806451,4.802441202534877,0.3175050291671161,1538.859375,377.91796875,378.1389868951613
256s,aim3_mpc_batch4,ref,A/REF,31,4,511488.0,511626.75,511767.8467741936,595.9729759089649,0.11645377482495985,514810.75,127906.6875,127941.9616935484
256s,aim3_mpc_batch4_affine,ref,A/REF,31,4,419239.5,419378.875,419513.52419354836,567.687385948175,0.13532040165796053,422398.5,104844.71875,104878.38104838709
256s,aim3_mpc_batch4_frobenius,ref,A/REF,31,4,92043.0,92043.0,92048.26612903226,25.107104081080106,0.02727602065408298,92185.0,23010.75,23012.066532258064
256s,aim3_mpc_scalar,ref,A/REF,31,1,127479.375,127481.25,127484.50806451614,16.897250429000387,0.013254355910013152,127576.75,127481.25,127484.50806451614
256s,gf_frobenius_batch4_e11,ref,A/REF,31,4,25100.375,25100.375,25100.524193548386,0.817166718858514,0.0032555763081177054,25105.0,6275.09375,6275.131048387097
256s,gf_frobenius_batch4_e19,ref,A/REF,31,4,43276.375,43276.375,43276.66935483871,1.6122478507208517,0.003725443465858096,43285.5,10819.09375,10819.167338709678
256s,gf_frobenius_batch4_e3,ref,A/REF,31,4,6924.375,6924.375,6924.967741935484,3.2465812884378797,0.04688225865338805,6942.75,1731.09375,1731.241935483871
256s,gf_frobenius_batch4_e7,ref,A/REF,31,4,16012.375,16012.375,16012.524193548386,0.817166718858514,0.005103297325151015,16017.0,4003.09375,4003.1310483870966
256s,gf_inv,ref,A/REF,31,1,3773234.875,3773237.75,3773267.8508064514,46.373499229638135,0.001229000989678664,3773337.5,3773237.75,3773267.8508064514
256s,gf_mat_vec_mul,ref,A/REF,31,1,13360.34375,13360.390625,13362.929435483871,13.797627529302634,0.10325301496140858,13438.5,13360.390625,13362.929435483871
256s,gf_mat_vec_mul_add,ref,A/REF,31,1,13397.890625,13397.890625,13398.489415322581,3.142715378937645,0.02345574401352752,13415.6875,13397.890625,13398.489415322581
256s,gf_mul,ref,A/REF,31,1,14207.546875,14208.09375,14210.623487903225,15.275929087794214,0.10749654370054788,14294.28125,14208.09375,14210.623487903225
256s,gf_mul_const_batch4,ref,A/REF,31,4,56857.65625,56857.96875,56859.159274193546,6.04039715037792,0.01062343732739547,56891.90625,14214.4921875,14214.789818548386
256s,gf_sqr,ref,A/REF,31,1,570.0625,570.0625,570.9112903225806,4.649016062695059,0.8143149630248575,596.375,570.0625,570.9112903225806
256s,gf_sqr_batch4,ref,A/REF,31,4,2372.03125,2372.03125,2372.1365927419356,0.4868153235485458,0.02052222983440593,2374.75,593.0078125,593.0341481854839
